"彜昳ID","戝僇僥僑儕乕","彫僇僥僑儕乕","宆斣","彜昳柤","彜昳夋憸URL","僼傿乕僠儍乕僼僅儞岦偗僔儑僢僾梡彜昳夋憸嶌惉","偦偺懠夋憸侾URL","偦偺懠夋憸俀URL","偦偺懠夋憸俁URL","偦偺懠夋憸係URL","偦偺懠夋憸俆URL","偦偺懠夋憸俇URL","偦偺懠夋憸俈URL","偦偺懠夋憸俉URL","偦偺懠夋憸俋URL","斕攧壙奿","夛堳壙奿","掕壙","尨壙","嵼屔悢","嵼屔娗棟","嵟彫峸擖悢検","嵟戝峸擖悢検","斕攧奐巒擔晅","斕攧奐巒帪娫","斕攧廔椆擔晅","斕攧廔椆帪娫","扨埵","廳検","攧愗傟帪偺昞帵愝掕","揔惓嵼屔悢","昞帵弴","娙堈愢柧","彜昳愢柧","僼傿乕僠儍乕僼僅儞岦偗僔儑僢僾梡彜昳愢柧","僗儅乕僩僼僅儞僔儑僢僾梡彜昳愢柧","僩儔僢僋僶僢僋庴晅愝掕","New儅乕僋晅壛愝掕","New儅乕僋夋憸慖戰","峀崘梡僇僥僑儕乕ID","峀崘梡僞僌侾","峀崘梡僞僌俀","峀崘梡僞僌俁","峀崘梡彜昳愢柧","僽儔儞僪","JAN/ISBN(GTIN)","惢昳斣崋(MPN)","忬懺","惈暿","怓","僒僀僘","僞僀僩儖","僉乕儚乕僪","儁乕僕奣梫","屄暿憲椏","宖嵹愝掕","寉尭惻棪愝掕","僊僼僩愝掕偺柍岠壔","僆僾僔儑儞昞帵宍幃"
"41976383","彫妛惗","怴彫妛栤戣廤 拞妛擖帋曇","","怴彫妛栤戣廤 嶼悢 拞妛擖帋曇","https://img17.shop-pro.jp/PA01168/556/product/41976383.jpg","嶌惉偡傞","","","","","","","","","","2200","2200","","","0","嵼屔娗棟偟側偄","","","2004/01/01","00:00:00","","","嶜","10","昞帵偡傞","","8","拞妛擖帋梡偺掕斣栤戣廤偱偡丅","拞妛擖帋梡偺掕斣栤戣廤偱偡丅
<table border=""0"" width=""250"">
<tbody>
<tr>
  <td>弌斉幮</td>
  <td>嫵堢奐敪弌斉</td>
</tr>

<tr>
  <td>擄堈搙</td>
  <td>仛仛仛仛仛</td>
</tr>

<tr>
  <td>僒僀僘</td>
  <td>A係</td>
</tr>

</tbody>
</table>
<p>夝摎丒夝愢晅偒偱偡丅</p>","","","","昞帵偟側偄","1","220603","怴彫妛栤戣廤丂嶼悢丂拞妛擖帋曇","嶲峫彂","栤戣廤","拞妛擖帋梡偺掕斣栤戣廤偱偡丅","","","","怴昳","","","","","怴彫妛栤戣廤,怴彫妛栤戣廤拞妛擖帋曇,拞妛擖帋曇,嶼悢,","怴彫妛栤戣栤戣廤拞妛擖帋曇偺斕攧傪偟偰偄傑偡丅","","宖嵹偡傞","寉尭惻棪愝掕偟側偄","偟側偄","昞宍幃乮僆僾僔儑儞侾偑廲乯"
"41976384","彫妛惗","怴彫妛栤戣廤 拞妛擖帋曇","","怴彫妛栤戣廤 崙岅 拞妛擖帋曇","https://img17.shop-pro.jp/PA01168/556/product/41976384.jpg","嶌惉偡傞","","","","","","","","","","2200","2200","","","0","嵼屔娗棟偟側偄","","","2004/01/01","00:00:00","","","嶜","10","昞帵偟側偄","","8","拞妛擖帋梡偺掕斣栤戣廤偱偡丅","拞妛擖帋梡偺掕斣栤戣廤偱偡丅
<table border=""0"" width=""250"">
<tbody>
<tr>
  <td>弌斉幮</td>
  <td>嫵堢奐敪弌斉</td>
</tr>

<tr>
  <td>擄堈搙</td>
  <td>仛仛仛仛仛</td>
</tr>
<tr>
  <td>僒僀僘</td>
  <td>俙係</td>
</tr>

</tbody>
</table>
<p>夝摎丒夝愢晅偒偱偡丅</p>","","","","昞帵偟側偄","1","220603","怴彫妛栤戣廤丂崙岅丂拞妛擖帋曇","嶲峫彂","栤戣廤","拞妛擖帋梡偺掕斣栤戣廤偱偡丅","","","","怴昳","","","","","怴彫妛栤戣廤,怴彫妛栤戣廤拞妛擖帋曇,拞妛擖帋曇,崙岅,","怴彫妛栤戣栤戣廤拞妛擖帋曇偺斕攧傪偟偰偄傑偡丅","","宖嵹偡傞","寉尭惻棪愝掕偟側偄","偟側偄","昞宍幃乮僆僾僔儑儞侾偑廲乯"
"41976386","彫妛惗","怴彫妛栤戣廤 拞妛擖帋曇","","怴彫妛栤戣廤 棟壢 拞妛擖帋曇","https://img17.shop-pro.jp/PA01168/556/product/41976386.jpg","嶌惉偡傞","","","","","","","","","","2200","2200","","","0","嵼屔娗棟偟側偄","","","2004/01/01","00:00:00","","","嶜","10","昞帵偡傞","","8","拞妛擖帋梡偺掕斣栤戣廤偱偡丅","拞妛擖帋梡偺掕斣栤戣廤偱偡丅
<table border=""0"" width=""250"">
<tbody>
<tr>
  <td>弌斉幮</td>
  <td>嫵堢奐敪弌斉</td>
</tr>
<tr>
  <td>擄堈搙</td>
  <td>仛仛仛仛仛</td>
</tr>

<tr>
  <td>僒僀僘</td>
  <td>俙係</td>
</tr>

</tbody>
</table>
<p>夝摎丒夝愢晅偒偱偡丅</p>
","","","","昞帵偟側偄","1","220603","怴彫妛栤戣廤丂棟壢丂拞妛擖帋曇","嶲峫彂","栤戣廤","拞妛擖帋梡偺掕斣栤戣廤偱偡丅","","","","怴昳","","","","","怴彫妛栤戣廤,怴彫妛栤戣廤拞妛擖帋曇,拞妛擖帋曇,棟壢,","怴彫妛栤戣栤戣廤拞妛擖帋曇偺斕攧傪偟偰偄傑偡丅","","宖嵹偡傞","寉尭惻棪愝掕偟側偄","偟側偄","昞宍幃乮僆僾僔儑儞侾偑廲乯"
"41976387","彫妛惗","怴彫妛栤戣廤 拞妛擖帋曇","","怴彫妛栤戣廤 幮夛 拞妛擖帋曇","https://img17.shop-pro.jp/PA01168/556/product/41976387.jpg","嶌惉偡傞","","","","","","","","","","2200","2200","","","0","嵼屔娗棟偟側偄","","","2004/01/01","00:00:00","","","嶜","10","昞帵偡傞","","8","拞妛擖帋梡偺掕斣栤戣廤偱偡丅","拞妛擖帋梡偺掕斣栤戣廤偱偡丅
<table border=""0"" width=""250"">
<tbody>
<tr>
  <td>弌斉幮</td>
  <td>嫵堢奐敪弌斉</td>
</tr>

<tr>
  <td>擄堈搙</td>
  <td>仛仛仛仛仛</td>
</tr>


<tr>
  <td>僒僀僘</td>
  <td>俙係</td>
</tr>

</tbody>
</table>
<p>夝摎丒夝愢晅偒偱偡丅</p >","","","","昞帵偟側偄","1","220603","怴彫妛栤戣廤丂幮夛丂拞妛擖帋曇","嶲峫彂","栤戣廤","拞妛擖帋梡偺掕斣栤戣廤偱偡丅","","","","怴昳","","","","","怴彫妛栤戣廤,怴彫妛栤戣廤拞妛擖帋曇,拞妛擖帋曇,幮夛,","怴彫妛栤戣栤戣廤拞妛擖帋曇偺斕攧傪偟偰偄傑偡丅","","宖嵹偡傞","寉尭惻棪愝掕偟側偄","偟側偄","昞宍幃乮僆僾僔儑儞侾偑廲乯"
"41976575","彫妛惗","怴彫妛栤戣廤(昗弨曇)","","怴彫妛栤戣廤 嶼悢(昗弨曇)","https://img17.shop-pro.jp/PA01168/556/product/41976575.jpg","嶌惉偡傞","","","","","","","","","","2000","2000","","","3","嵼屔娗棟偟側偄","","","2004/01/01","00:00:00","","","嶜","10","昞帵偡傞","","9","婎慴偐傜墳梡栤戣傑偱丅昗弨揑側栤戣廤偱偡丅","婎慴偐傜墳梡栤戣傑偱丅昗弨揑側栤戣廤偱偡丅
<table border=""0"" width=""250"">
<tbody>
<tr>
  <td>弌斉幮</td>
  <td>嫵堢奐敪弌斉</td>
</tr>

<tr>
  <td>擄堈搙</td>
  <td>仛仛仛仛仚</td>
</tr>

<tr>
  <td>僒僀僘</td>
  <td>俙係</td>
</tr>

</tbody>
</table>
<p>夝摎丒夝愢晅偒偱偡丅</p>
","","","","昞帵偟側偄","1","220603","怴彫妛栤戣廤丂嶼悢","嶲峫彂","栤戣廤","婎慴偐傜墳梡栤戣傑偱丅昗弨揑側栤戣廤偱偡丅","","","","怴昳","","","","","怴彫妛栤戣廤,昗弨曇,嶼悢,嫵堢奐敪弌斉","怴彫妛栤戣栤戣廤昗弨曇偺斕攧傪偟偰偄傑偡丅","","宖嵹偡傞","寉尭惻棪愝掕偟側偄","偟側偄","昞宍幃乮僆僾僔儑儞侾偑廲乯"
"41976576","彫妛惗","怴彫妛栤戣廤(昗弨曇)","","怴彫妛栤戣廤 崙岅(昗弨曇)","https://img17.shop-pro.jp/PA01168/556/product/41976576.jpg","嶌惉偡傞","","","","","","","","","","2000","2000","","","8","嵼屔娗棟偟側偄","","","2004/01/01","00:00:00","","","嶜","10","昞帵偡傞","","9","婎慴偐傜墳梡栤戣傑偱丅昗弨揑側栤戣廤偱偡丅","婎慴偐傜墳梡栤戣傑偱丅昗弨揑側栤戣廤偱偡丅
<table border=""0"" width=""250"">
<tbody>
<tr>
  <td>弌斉幮</td>
  <td>嫵堢奐敪弌斉</td>
</tr>

<tr>
  <td>擄堈搙</td>
  <td>仛仛仛仛仚</td>
</tr>



<tr>
  <td>僒僀僘</td>
  <td>俙係</td>
</tr>

</tbody>
</table>
<p>夝摎丒夝愢晅偒偱偡丅</p>

","","","","昞帵偟側偄","1","220603","怴彫妛栤戣廤丂崙岅","嶲峫彂","栤戣廤","婎慴偐傜墳梡栤戣傑偱丅昗弨揑側栤戣廤偱偡丅","","","","怴昳","","","","","怴彫妛栤戣廤,昗弨曇,崙岅,嫵堢奐敪弌斉","怴彫妛栤戣栤戣廤昗弨曇偺斕攧傪偟偰偄傑偡丅","","宖嵹偡傞","寉尭惻棪愝掕偟側偄","偟側偄","昞宍幃乮僆僾僔儑儞侾偑廲乯"
"41976390","彫妛惗","怴彫妛栤戣廤 拞妛擖帋偺峌棯","","怴彫妛栤戣廤 嶼悢 拞妛擖帋偺峌棯","https://img17.shop-pro.jp/PA01168/556/product/41976390.jpg","嶌惉偡傞","","","","","","","","","","2300","2300","","","0","嵼屔娗棟偟側偄","","","2004/01/01","00:00:00","","","嶜","10","昞帵偡傞","","10","拞妛擖帋梡懳嶔梡偺栤戣廤偱偡丅","拞妛擖帋梡懳嶔梡偺栤戣廤偱偡丅
<table border=""0"" width=""250"">
<tbody>
<tr>
  <td>弌斉幮</td>
  <td>嫵堢奐敪弌斉</td>
</tr>
<tr>
  <td>擄堈搙</td>
  <td>仛仛仛仛仛</td>
</tr>

<tr>
  <td>僒僀僘</td>
  <td>俙係</td>
</tr>

</tbody>
</table>


<p>夝摎丒夝愢晅偒偱偡丅</p>
","","","","昞帵偟側偄","1","220603","怴彫妛栤戣廤丂拞妛擖帋偺峌棯丂嶼悢","嶲峫彂","栤戣廤","拞妛擖帋梡懳嶔梡偺栤戣廤偱偡丅","","","","怴昳","","","","","怴彫妛栤戣廤,拞妛擖帋偺峌棯,嶼悢,嫵堢奐敪弌斉","怴彫妛栤戣栤戣廤拞妛擖帋偺峌棯偺斕攧傪偟偰偄傑偡丅","","宖嵹偡傞","寉尭惻棪愝掕偟側偄","偟側偄","昞宍幃乮僆僾僔儑儞侾偑廲乯"
"41976391","彫妛惗","怴彫妛栤戣廤 拞妛擖帋偺峌棯","","怴彫妛栤戣廤 崙岅 拞妛擖帋偺峌棯","https://img17.shop-pro.jp/PA01168/556/product/41976391.jpg","嶌惉偡傞","","","","","","","","","","2300","2300","","","0","嵼屔娗棟偟側偄","","","2004/01/01","00:00:00","","","嶜","10","昞帵偡傞","","10","拞妛擖帋梡懳嶔梡偺栤戣廤偱偡丅","拞妛擖帋梡懳嶔梡偺栤戣廤偱偡丅
<table border=""0"" width=""250"">
<tbody>
<tr>
  <td>弌斉幮</td>
  <td>嫵堢奐敪弌斉</td>
</tr>

<tr>
  <td>擄堈搙</td>
  <td>仛仛仛仛仛</td>
</tr>

<tr>
  <td>僒僀僘</td>
  <td>俙係</td>
</tr>

</tbody>
</table>


<p>夝摎丒夝愢晅偒偱偡丅</p>
","","","","昞帵偟側偄","1","220603","怴彫妛栤戣廤丂拞妛擖帋偺峌棯丂崙岅","嶲峫彂","栤戣廤","拞妛擖帋梡懳嶔梡偺栤戣廤偱偡丅","","","","怴昳","","","","","怴彫妛栤戣廤,拞妛擖帋偺峌棯,崙岅,嫵堢奐敪弌斉","怴彫妛栤戣栤戣廤拞妛擖帋偺峌棯偺斕攧傪偟偰偄傑偡丅","","宖嵹偡傞","寉尭惻棪愝掕偟側偄","偟側偄","昞宍幃乮僆僾僔儑儞侾偑廲乯"
"41976393","彫妛惗","怴彫妛栤戣廤 拞妛擖帋偺峌棯","","怴彫妛栤戣廤 棟壢 拞妛擖帋偺峌棯","https://img17.shop-pro.jp/PA01168/556/product/41976393.jpg","嶌惉偡傞","","","","","","","","","","2300","2300","","","0","嵼屔娗棟偟側偄","","","2004/01/01","00:00:00","","","嶜","10","昞帵偡傞","","10","拞妛擖帋梡懳嶔梡偺栤戣廤偱偡丅","拞妛擖帋梡懳嶔梡偺栤戣廤偱偡丅
<table border=""0"" width=""250"">
<tbody>
<tr>
  <td>弌斉幮</td>
  <td>嫵堢奐敪弌斉</td>
</tr>

<tr>
  <td>擄堈搙</td>
  <td>仛仛仛仛仛</td>
</tr>

<tr>
  <td>僒僀僘</td>
  <td>俙係</td>
</tr>

</tbody>
</table>

<p>夝摎丒夝愢晅偒偱偡丅</p>","","","","昞帵偟側偄","1","220603","怴彫妛栤戣廤丂拞妛擖帋偺峌棯丂棟壢","嶲峫彂","栤戣廤","拞妛擖帋梡懳嶔梡偺栤戣廤偱偡丅","","","","怴昳","","","","","怴彫妛栤戣廤,拞妛擖帋偺峌棯,棟壢,","怴彫妛栤戣栤戣廤拞妛擖帋偺峌棯偺斕攧傪偟偰偄傑偡丅","","宖嵹偡傞","寉尭惻棪愝掕偟側偄","偟側偄","昞宍幃乮僆僾僔儑儞侾偑廲乯"
"41976394","彫妛惗","怴彫妛栤戣廤 拞妛擖帋偺峌棯","","怴彫妛栤戣廤 幮夛 拞妛擖帋偺峌棯","https://img17.shop-pro.jp/PA01168/556/product/41976394.jpg","嶌惉偡傞","","","","","","","","","","2300","2300","","","0","嵼屔娗棟偟側偄","","","2004/01/01","00:00:00","","","嶜","10","昞帵偡傞","","10","拞妛擖帋梡懳嶔梡偺栤戣廤偱偡丅","拞妛擖帋梡懳嶔梡偺栤戣廤偱偡丅
<table border=""0"" width=""250"">
<tbody>
<tr>
  <td>弌斉幮</td>
  <td>嫵堢奐敪弌斉</td>
</tr>

<tr>
  <td>擄堈搙</td>
  <td>仛仛仛仛仛</td>
</tr>



<tr>
  <td>僒僀僘</td>
  <td>俙係</td>
</tr>

</tbody>
</table>


<p>夝摎丒夝愢晅偒偱偡丅</p >
","","","","昞帵偟側偄","1","220603","怴彫妛栤戣廤丂拞妛擖帋偺峌棯丂幮夛","嶲峫彂","栤戣廤","拞妛擖帋梡懳嶔梡偺栤戣廤偱偡丅","","","","怴昳","","","","","怴彫妛栤戣廤,拞妛擖帋偺峌棯,幮夛,嫵堢奐敪弌斉","怴彫妛栤戣栤戣廤拞妛擖帋偺峌棯偺斕攧傪偟偰偄傑偡丅","","宖嵹偡傞","寉尭惻棪愝掕偟側偄","偟側偄","昞宍幃乮僆僾僔儑儞侾偑廲乯"
"41976395","彫妛惗","僺儔儈僢僪","","僺儔儈僢僪 嶼悢","https://img17.shop-pro.jp/PA01168/556/product/41976395.jpg","嶌惉偡傞","","","","","","","","","","2000","2000","","","0","嵼屔娗棟偟側偄","","","2004/01/01","00:00:00","","","嶜","10","昞帵偡傞","","11","擔忢妛廗梡偺栤戣廤偱偡丅","<p>擔忢妛廗梡偺栤戣廤偱偡丅</p>

<table border=""0"" width=""250"">
<tbody>
<tr>
  <td>弌斉幮</td>
  <td>嫵堢奐敪弌斉</td>
</tr>
<tr>
  <td>擄堈搙</td>
  <td>仛仛仛仚仚</td>
</tr>
<tr>
  <td>僒僀僘</td>
  <td>俙係</td>
</tr>
</tbody>
</table>
<p>夝摎丒夝愢晅偒偱偡丅</p>

<!--
<p>媽斉傪偛婓朷偺曽偼<a href=""https://iorishobo.com/?pid=177720232"">僺儔儈僢僪嶼悢媽斉</a>偐傜偛峸擖偔偩偝偄丅
</p>
-->

","","","","昞帵偟側偄","1","220603","僺儔儈僢僪丂嶼悢","嶲峫彂","栤戣廤","擔忢妛廗梡偺栤戣廤偱偡丅","","","","怴昳","","","","","僺儔儈僢僪,嶼悢,嫵堢奐敪弌斉","僺儔儈僢僪偺斕攧傪偟偰偄傑偡丅","","宖嵹偡傞","寉尭惻棪愝掕偟側偄","偟側偄","昞宍幃乮僆僾僔儑儞侾偑廲乯"
"41976397","彫妛惗","僺儔儈僢僪","","僺儔儈僢僪 崙岅","https://img17.shop-pro.jp/PA01168/556/product/41976397.jpg","嶌惉偡傞","","","","","","","","","","2000","2000","","","0","嵼屔娗棟偟側偄","","","2004/01/01","00:00:00","","","嶜","10","昞帵偡傞","","11","擔忢妛廗梡偺栤戣廤偱偡丅","<p>擔忢妛廗梡偺栤戣廤偱偡丅</p>
<table border=""0"" width=""250"">
<tbody>
<tr>
 <td>弌斉幮</td>
 <td>嫵堢奐敪弌斉</td>
</tr>
<tr>
  <td>擄堈搙</td>
  <td>仛仛仛仚仚</td>
</tr>
<tr>
  <td>僒僀僘</td>
  <td>俙係</td>
</tr>
</tbody>
</table>
<p>夝摎丒夝愢晅偒偱偡丅</p>

<!--
<p>媽斉傪偛婓朷偺曽偼<a href=""https://iorishobo.com/?pid=177720318"">僺儔儈僢僪崙岅媽斉</a>偐傜偛峸擖偔偩偝偄丅
</p>
-->

","","","","昞帵偟側偄","1","220603","僺儔儈僢僪丂崙岅","嶲峫彂","栤戣廤","擔忢妛廗梡偺栤戣廤偱偡丅","","","","怴昳","","","","","僺儔儈僢僪,崙岅,嫵堢奐敪弌斉","僺儔儈僢僪偺斕攧傪偟偰偄傑偡丅","","宖嵹偡傞","寉尭惻棪愝掕偟側偄","偟側偄","昞宍幃乮僆僾僔儑儞侾偑廲乯"
"41976398","彫妛惗","僺儔儈僢僪","","僺儔儈僢僪 棟壢","https://img17.shop-pro.jp/PA01168/556/product/41976398.jpg","嶌惉偡傞","","","","","","","","","","2000","2000","","","0","嵼屔娗棟偟側偄","","","2004/01/01","00:00:00","","","嶜","10","昞帵偡傞","","11","擔忢妛廗梡偺栤戣廤偱偡丅","<p>擔忢妛廗梡偺栤戣廤偱偡丅</p>
<table border=""0"" width=""250"">
<tbody>
<tr>
  <td>弌斉幮</td>
  <td>嫵堢奐敪弌斉</td>
</tr>
<tr>
  <td>擄堈搙</td>
  <td>仛仛仛仚仚</td>
</tr>

<tr>
  <td>僒僀僘</td>
  <td>俙係</td>
</tr>
</tbody>
</table>
<p>夝摎丒夝愢晅偒偱偡丅</p>


","","","","昞帵偟側偄","1","220603","僺儔儈僢僪丂棟壢","嶲峫彂","栤戣廤","擔忢妛廗梡偺栤戣廤偱偡丅","","","","怴昳","","","","","僺儔儈僢僪,棟壢,嫵堢奐敪弌斉","僺儔儈僢僪偺斕攧傪偟偰偄傑偡丅","","宖嵹偡傞","寉尭惻棪愝掕偟側偄","偟側偄","昞宍幃乮僆僾僔儑儞侾偑廲乯"
"41976401","彫妛惗","僺儔儈僢僪","","僺儔儈僢僪 幮夛","https://img17.shop-pro.jp/PA01168/556/product/41976401.jpg","嶌惉偡傞","","","","","","","","","","2000","2000","","","0","嵼屔娗棟偟側偄","","","2004/01/01","00:00:00","","","嶜","10","昞帵偡傞","","11","擔忢妛廗梡偺栤戣廤偱偡丅","<p>擔忢妛廗梡偺栤戣廤偱偡丅</p>
<table border=""0"" width=""250"">
<tbody>
<tr>
  <td>弌斉幮</td>
  <td>嫵堢奐敪弌斉</td>
</tr>
<tr>
  <td>擄堈搙</td>
  <td>仛仛仛仚仚</td>
</tr>
<tr>
  <td>僒僀僘</td>
  <td>俙係</td>
</tr>
</tbody>
</table>
<p>夝摎丒夝愢晅偒偱偡丅</p>

<br/>

<!--
<p>媽斉傪偛婓朷偺曽偼<a href=""https://iorishobo.com/?pid=177720425"">僺儔儈僢僪幮夛媽斉</a>偐傜偛峸擖偔偩偝偄丅
</p>
-->
","","","","昞帵偟側偄","1","220603","僺儔儈僢僪丂幮夛","嶲峫彂","栤戣廤","擔忢妛廗梡偺栤戣廤偱偡丅","","","","怴昳","","","","","僺儔儈僢僪,幮夛,嫵堢奐敪弌斉","僺儔儈僢僪偺斕攧傪偟偰偄傑偡丅","","宖嵹偡傞","寉尭惻棪愝掕偟側偄","偟側偄","昞宍幃乮僆僾僔儑儞侾偑廲乯"
"177720232","彫妛惗","僺儔儈僢僪","","僺儔儈僢僪 嶼悢 (媽斉)","https://img17.shop-pro.jp/PA01168/556/product/177720232.jpg","嶌惉偟側偄","","","","","","","","","","800","800","","","0","嵼屔娗棟偡傞","","","2004/01/01","00:00:00","","","嶜","10","昞帵偟側偄","","11","擔忢妛廗梡偺栤戣廤偱偡丅","<p>擔忢妛廗梡偺栤戣廤偱偡丅</p>

<table border=""0"" width=""250"">
<tbody>
<tr>
  <td>弌斉幮</td>
  <td>嫵堢奐敪弌斉</td>
</tr>
<tr>
  <td>擄堈搙</td>
  <td>仛仛仛仚仚</td>
</tr>
<tr>
  <td>僒僀僘</td>
  <td>俙係</td>
</tr>
</tbody>
</table>
<p>夝摎丒夝愢晅偒偱偡丅</p>
<p>
亙偍抦傜偣亜<br>
杮彜昳偼2024擭搙偵夵掶偝傟傑偟偨偑丄杮彜昳偼夵掶慜偺彜昳偱偡丅<br>
妛廗巜摫梫椞曄峏偵傛傞夵掶偱偼側偄偨傔丄2024擭搙偱傕巊梡偱偒傑偡丅<br>
嵼屔偑側偔側傝師戞丄斕攧傪廔椆偄偨偟傑偡偺偱丄梊傔偛椆彸偔偩偝偄丅
</p>
<p>怴斉偛婓朷偺曽偼<a href=""https://iorishobo.com/?pid=41976395"">僺儔儈僢僪嶼悢怴斉</a>偐傜偛峸擖偔偩偝偄丅
</p>
<br/>
<br>


","","","","昞帵偟側偄","1","220603","僺儔儈僢僪丂嶼悢","嶲峫彂","栤戣廤","擔忢妛廗梡偺栤戣廤偱偡丅","","","","怴昳","","","","","僺儔儈僢僪,嶼悢,嫵堢奐敪弌斉","僺儔儈僢僪偺斕攧傪偟偰偄傑偡丅","","宖嵹偡傞","寉尭惻棪愝掕偟側偄","偟側偄","昞宍幃乮僆僾僔儑儞侾偑廲乯"
"177720318","彫妛惗","僺儔儈僢僪","","僺儔儈僢僪 崙岅 (媽斉)","https://img17.shop-pro.jp/PA01168/556/product/177720318.jpg","嶌惉偟側偄","","","","","","","","","","800","800","","","0","嵼屔娗棟偡傞","","","2004/01/01","00:00:00","","","嶜","10","昞帵偟側偄","","11","擔忢妛廗梡偺栤戣廤偱偡丅","<p>擔忢妛廗梡偺栤戣廤偱偡丅</p>
<table border=""0"" width=""250"">
<tbody>
<tr>
 <td>弌斉幮</td>
 <td>嫵堢奐敪弌斉</td>
</tr>
<tr>
  <td>擄堈搙</td>
  <td>仛仛仛仚仚</td>
</tr>
<tr>
  <td>僒僀僘</td>
  <td>俙係</td>
</tr>
</tbody>
</table>
<p>夝摎丒夝愢晅偒偱偡丅</p>
<p>
亙偍抦傜偣亜<br>
杮彜昳偼2024擭搙偵夵掶偝傟傑偟偨偑丄杮彜昳偼夵掶慜偺彜昳偱偡丅<br>
妛廗巜摫梫椞曄峏偵傛傞夵掶偱偼側偄偨傔丄2024擭搙偱傕巊梡偱偒傑偡丅<br>
嵼屔偑側偔側傝師戞丄斕攧傪廔椆偄偨偟傑偡偺偱丄梊傔偛椆彸偔偩偝偄丅
</p>
<p>
怴斉偛婓朷偺曽偼<a href=""https://iorishobo.com/?pid=41976397"">僺儔儈僢僪崙岅怴斉</a>偐傜偛峸擖偔偩偝偄丅
</p>

","","","","昞帵偟側偄","1","220603","僺儔儈僢僪丂崙岅","嶲峫彂","栤戣廤","擔忢妛廗梡偺栤戣廤偱偡丅","","","","怴昳","","","","","僺儔儈僢僪,崙岅,嫵堢奐敪弌斉","僺儔儈僢僪偺斕攧傪偟偰偄傑偡丅","","宖嵹偟側偄","寉尭惻棪愝掕偟側偄","偟側偄","昞宍幃乮僆僾僔儑儞侾偑廲乯"
"177720339","彫妛惗","僺儔儈僢僪","","僺儔儈僢僪 棟壢 (媽斉)","https://img17.shop-pro.jp/PA01168/556/product/177720339.jpg","嶌惉偟側偄","","","","","","","","","","900","900","","","0","嵼屔娗棟偡傞","","","2004/01/01","00:00:00","","","嶜","10","昞帵偡傞","","11","擔忢妛廗梡偺栤戣廤偱偡丅","<p>擔忢妛廗梡偺栤戣廤偱偡丅</p>
<table border=""0"" width=""250"">
<tbody>
<tr>
  <td>弌斉幮</td>
  <td>嫵堢奐敪弌斉</td>
</tr>
<tr>
  <td>擄堈搙</td>
  <td>仛仛仛仚仚</td>
</tr>

<tr>
  <td>僒僀僘</td>
  <td>俙係</td>
</tr>
</tbody>
</table>
<p>夝摎丒夝愢晅偒偱偡丅</p>
<p>
亙偍抦傜偣亜<br>
杮彜昳偼2024擭搙偵夵掶偝傟傑偟偨偑丄杮彜昳偼夵掶慜偺彜昳偱偡丅<br>
妛廗巜摫梫椞曄峏偵傛傞夵掶偱偼側偄偨傔丄2024擭搙偱傕巊梡偱偒傑偡丅<br>
嵼屔偑側偔側傝師戞丄斕攧傪廔椆偄偨偟傑偡偺偱丄梊傔偛椆彸偔偩偝偄丅
</p>
<p>怴斉偛婓朷偺曽偼<a href=""https://iorishobo.com/?pid=41976398"">僺儔儈僢僪棟壢怴斉</a>偐傜偛峸擖偔偩偝偄丅
</p>
<br/>

","","","","昞帵偟側偄","1","220603","僺儔儈僢僪丂棟壢","嶲峫彂","栤戣廤","擔忢妛廗梡偺栤戣廤偱偡丅","","","","怴昳","","","","","僺儔儈僢僪,棟壢,嫵堢奐敪弌斉","僺儔儈僢僪偺斕攧傪偟偰偄傑偡丅","","宖嵹偟側偄","寉尭惻棪愝掕偟側偄","偟側偄","昞宍幃乮僆僾僔儑儞侾偑廲乯"
"177720425","彫妛惗","僺儔儈僢僪","","僺儔儈僢僪 幮夛 (媽斉)","https://img17.shop-pro.jp/PA01168/556/product/177720425.jpg","嶌惉偟側偄","","","","","","","","","","900","900","","","0","嵼屔娗棟偡傞","","","2004/01/01","00:00:00","","","嶜","10","昞帵偡傞","","11","擔忢妛廗梡偺栤戣廤偱偡丅","<p>擔忢妛廗梡偺栤戣廤偱偡丅</p>
<table border=""0"" width=""250"">
<tbody>
<tr>
  <td>弌斉幮</td>
  <td>嫵堢奐敪弌斉</td>
</tr>
<tr>
  <td>擄堈搙</td>
  <td>仛仛仛仚仚</td>
</tr>
<tr>
  <td>僒僀僘</td>
  <td>俙係</td>
</tr>
</tbody>
</table>
<p>夝摎丒夝愢晅偒偱偡丅</p>
<p>
亙偍抦傜偣亜<br>
杮彜昳偼2024擭搙偵夵掶偝傟傑偟偨偑丄杮彜昳偼夵掶慜偺彜昳偱偡丅<br>
妛廗巜摫梫椞曄峏偵傛傞夵掶偱偼側偄偨傔丄2024擭搙偱傕巊梡偱偒傑偡丅<br>
嵼屔偑側偔側傝師戞丄斕攧傪廔椆偄偨偟傑偡偺偱丄梊傔偛椆彸偔偩偝偄丅
</p>
<p>怴斉偛婓朷偺曽偼<a href=""https://iorishobo.com/?pid=41976401"">僺儔儈僢僪幮夛怴斉</a>偐傜偛峸擖偔偩偝偄丅
</p>
<br/>

","","","","昞帵偟側偄","1","220603","僺儔儈僢僪丂幮夛","嶲峫彂","栤戣廤","擔忢妛廗梡偺栤戣廤偱偡丅","","","","怴昳","","","","","僺儔儈僢僪,幮夛,嫵堢奐敪弌斉","僺儔儈僢僪偺斕攧傪偟偰偄傑偡丅","","宖嵹偟側偄","寉尭惻棪愝掕偟側偄","偟側偄","昞宍幃乮僆僾僔儑儞侾偑廲乯"
"86140186","彫妛惗","僺儔儈僢僪","","寁嶼僺儔儈僢僪","https://img17.shop-pro.jp/PA01168/556/product/86140186.png","嶌惉偡傞","","","","","","","","","","750","750","","","0","嵼屔娗棟偟側偄","","","2004/01/01","00:00:00","","","嶜","10","昞帵偡傞","","12","","<p>擔忢妛廗梡偺栤戣廤偱偡丅</p>
<table border=""0"" width=""250"">
<tbody>
<tr>
  <td>弌斉幮</td>
  <td>嫵堢奐敪弌斉</td>
</tr>
<tr>
  <td>擄堈搙</td>
  <td>仛仛仚仚仚</td>
</tr>
<tr>
  <td>僒僀僘</td>
  <td>B5</td>
</tr>
</tbody>
</table>
<p>夝摎晅偒偱偡丅</p>

<!--
<p>媽斉傪偛婓朷偺曽偼<a href=""https://iorishobo.com/?pid=177720773"">寁嶼僺儔儈僢僪媽斉</a>偐傜偛峸擖偔偩偝偄丅
</p>
-->
","","","","昞帵偟側偄","1","220603","寁嶼僺儔儈僢僪","嶲峫彂","栤戣廤","擔忢妛廗梡偺栤戣廤偱偡丅","","","","怴昳","","","","","寁嶼僺儔儈僢僪,嫵堢奐敪弌斉","僺儔儈僢僪偺斕攧傪偟偰偄傑偡丅","","宖嵹偡傞","寉尭惻棪愝掕偟側偄","偟側偄","昞宍幃乮僆僾僔儑儞侾偑廲乯"
"86140196","彫妛惗","僺儔儈僢僪","","娍帤僺儔儈僢僪","https://img17.shop-pro.jp/PA01168/556/product/86140196.png","嶌惉偡傞","","","","","","","","","","750","750","","","0","嵼屔娗棟偟側偄","","","2004/01/01","00:00:00","","","嶜","10","昞帵偡傞","","12","","<p>擔忢妛廗梡偺栤戣廤偱偡丅</p>
<table border=""0"" width=""250"">
<tbody>
<tr>
  <td>弌斉幮</td>
  <td>嫵堢奐敪弌斉</td>
</tr>
<tr>
  <td>擄堈搙</td>
  <td>仛仛仚仚仚</td>
</tr>
<tr>
  <td>僒僀僘</td>
  <td>B5</td>
</tr>
</tbody>
</table>
<p>夝摎晅偒偱偡丅</p>

<!--
<p>媽斉傪偛婓朷偺曽偼<a href=""https://iorishobo.com/?pid=177720788"">娍帤僺儔儈僢僪媽斉</a>偐傜偛峸擖偔偩偝偄丅
</p>
-->
","","","","昞帵偟側偄","1","220603","娍帤僺儔儈僢僪","嶲峫彂","栤戣廤","擔忢妛廗梡偺栤戣廤偱偡丅","","","","怴昳","","","","","娍帤僺儔儈僢僪,嫵堢奐敪弌斉","僺儔儈僢僪偺斕攧傪偟偰偄傑偡丅","","宖嵹偡傞","寉尭惻棪愝掕偟側偄","偟側偄","昞宍幃乮僆僾僔儑儞侾偑廲乯"
"177720773","彫妛惗","僺儔儈僢僪","","寁嶼僺儔儈僢僪 (媽斉)","https://img17.shop-pro.jp/PA01168/556/product/177720773.jpg","嶌惉偟側偄","","","","","","","","","","300","300","","","0","嵼屔娗棟偡傞","","","2004/01/01","00:00:00","","","嶜","10","昞帵偡傞","","12","","<p>擔忢妛廗梡偺栤戣廤偱偡丅</p>
<table border=""0"" width=""250"">
<tbody>
<tr>
  <td>弌斉幮</td>
  <td>嫵堢奐敪弌斉</td>
</tr>
<tr>
  <td>擄堈搙</td>
  <td>仛仛仚仚仚</td>
</tr>
<tr>
  <td>僒僀僘</td>
  <td>B5</td>
</tr>
</tbody>
</table>
<p>夝摎晅偒偱偡丅</p>
<p>
亙偍抦傜偣亜<br>
杮彜昳偼2024擭搙偵夵掶偝傟傑偟偨偑丄杮彜昳偼夵掶慜偺彜昳偱偡丅<br>
妛廗巜摫梫椞曄峏偵傛傞夵掶偱偼側偄偨傔丄2024擭搙偱傕巊梡偱偒傑偡丅<br>
嵼屔偑側偔側傝師戞丄斕攧傪廔椆偄偨偟傑偡偺偱丄梊傔偛椆彸偔偩偝偄丅
</p>
<p>怴斉偛婓朷偺曽偼<a href=""https://iorishobo.com/?pid=86140186"">寁嶼僺儔儈僢僪怴斉</a>偐傜偛峸擖偔偩偝偄丅
</p>","","","","昞帵偟側偄","1","220603","寁嶼僺儔儈僢僪","嶲峫彂","栤戣廤","擔忢妛廗梡偺栤戣廤偱偡丅","","","","怴昳","","","","","寁嶼僺儔儈僢僪,嫵堢奐敪弌斉","僺儔儈僢僪偺斕攧傪偟偰偄傑偡丅","","宖嵹偟側偄","寉尭惻棪愝掕偟側偄","偟側偄","昞宍幃乮僆僾僔儑儞侾偑廲乯"
"177720788","彫妛惗","僺儔儈僢僪","","娍帤僺儔儈僢僪 (媽斉)","https://img17.shop-pro.jp/PA01168/556/product/177720788.jpg","嶌惉偟側偄","","","","","","","","","","300","300","","","2","嵼屔娗棟偡傞","","","2004/01/01","00:00:00","","","嶜","10","昞帵偡傞","","12","","<p>擔忢妛廗梡偺栤戣廤偱偡丅</p>
<table border=""0"" width=""250"">
<tbody>
<tr>
  <td>弌斉幮</td>
  <td>嫵堢奐敪弌斉</td>
</tr>
<tr>
  <td>擄堈搙</td>
  <td>仛仛仚仚仚</td>
</tr>
<tr>
  <td>僒僀僘</td>
  <td>B5</td>
</tr>
</tbody>
</table>
<p>夝摎晅偒偱偡丅</p>
<p>
亙偍抦傜偣亜<br>
杮彜昳偼2024擭搙偵夵掶偝傟傑偟偨偑丄杮彜昳偼夵掶慜偺彜昳偱偡丅<br>
妛廗巜摫梫椞曄峏偵傛傞夵掶偱偼側偄偨傔丄2024擭搙偱傕巊梡偱偒傑偡丅<br>
嵼屔偑側偔側傝師戞丄斕攧傪廔椆偄偨偟傑偡偺偱丄梊傔偛椆彸偔偩偝偄丅
</p>
<p>怴斉偛婓朷偺曽偼<a href=""https://iorishobo.com/?pid=86140196"">娍帤僺儔儈僢僪怴斉</a>偐傜偛峸擖偔偩偝偄丅
</p>
","","","","昞帵偟側偄","1","220603","娍帤僺儔儈僢僪","嶲峫彂","栤戣廤","擔忢妛廗梡偺栤戣廤偱偡丅","","","","怴昳","","","","","娍帤僺儔儈僢僪,嫵堢奐敪弌斉","僺儔儈僢僪偺斕攧傪偟偰偄傑偡丅","","宖嵹偟側偄","寉尭惻棪愝掕偟側偄","偟側偄","昞宍幃乮僆僾僔儑儞侾偑廲乯"
"66257079","彫妛惗","娍帤楙廗挔(彫妛峑曇)","","娍帤楙廗挔(彫妛峑曇)","https://img17.shop-pro.jp/PA01168/556/product/66257079.jpg","嶌惉偡傞","","","","","","","","","","850","850","","","0","嵼屔娗棟偟側偄","","","2004/01/01","10:00:00","","","嶜","10","","","15","彫妛惗梡偺娍帤偺楙廗挔偱偡丅","<p>丂10媺乣1媺偵暘偐傟偰偍傝丄彫妛峑榋擭娫偱妛廗偡傞娍帤1026帤偺栤戣偑廂榐偝傟偰偄傑偡丅<br/>
丂傑偨丄弶抜乣嶰抜偼崅妛擭惗搆梡偺敪揥妛廗偲偟偰丄拞侾掱搙偺娍帤339帤偺栤戣偑廂榐偝傟偰偄傑偡丅</p>

<br/>
<table border=""0"" width=""250"">
<tbody>

<tr>
  <td>僒僀僘</td>
  <td>俙俆</td>
</tr>
</tbody>
</table>
","","","","昞帵偟側偄","","","","","","","","","","怴昳","","","","","","","","宖嵹偡傞","寉尭惻棪愝掕偟側偄","偟側偄","昞宍幃乮僆僾僔儑儞侾偑廲乯"
"184517208","拞妛惗","","","摿暿憲椏","","嶌惉偟側偄","","","","","","","","","","4546","4700","","","1","嵼屔娗棟偟側偄","","","2001/01/01","12:00:00","2025/02/03","23:59:59","","","","","10000","","摉揦偐傜摿暿偺巜帵偑側偄尷傝丄杮彜昳偺偛峸擖庤懕偒偼偟側偄偱偔偩偝偄丅","","","","昞帵偟側偄","","","","","","","","","","怴昳","","","","","","","","宖嵹偟側偄","寉尭惻棪愝掕偟側偄","偟側偄","僾儖僟僂儞宍幃"
"41976361","拞妛惗","怴拞妛栤戣廤 敪揥曇","","怴拞妛栤戣廤 悢妛 敪揥曇","https://img17.shop-pro.jp/PA01168/556/product/41976361.jpg","嶌惉偡傞","","","","","","","","","","2050","2050","","","0","嵼屔娗棟偟側偄","1","100","2004/01/01","00:00:00","","","嶜","10","昞帵偡傞","5","1","懡偔偺弇丒妛峑偱嵦梡偝傟偰偄傞掕斣偺栤戣廤偱偡丅","懡偔偺弇丒妛峑偱嵦梡偝傟偰偄傞掕斣偺栤戣廤偱偡丅
<table border=""0"" width=""250"">
<tbody>
<tr>
  <td>弌斉幮</td>
  <td>嫵堢奐敪弌斉</td>
</tr>


<tr>
  <td>擄堈搙</td>
  <td>仛仛仛仛仛</td>
</tr>


<tr>
  <td>僒僀僘</td>
  <td>俛俆</td>
</tr>

</tbody>
</table>
<p>夝摎丒夝愢晅偒偱偡丅</p>
<!--
<p>栿偁傝昳偼<a href=""https://iorishobo.com/?pid=186568527"">偙偪傜</p>

<p>
亙偍抦傜偣亜<br>
杮彜昳偼2024擭搙夵掶偺怴斉偱偡丅
</p>
<p>媽斉偺斕攧偼廔椆偄偨偟傑偟偨丅</p>
<p>媽斉傪偛婓朷偺曽偼<a href=""https://iorishobo.com/?pid=177743956"">怴拞妛栤戣廤悢妛(敪揥曇)媽斉</a>偐傜偛峸擖偔偩偝偄丅
</p>
-->


","","","","昞帵偟側偄","25","220603","怴拞妛栤戣廤丂悢妛丂敪揥曇","嶲峫彂","栤戣廤","懡偔偺弇丒妛峑偱嵦梡偝傟偰偄傞掕斣偺栤戣廤偱偡丅","","","","怴昳","","","","","怴拞妛栤戣廤,怴拞妛栤戣廤敪揥曇,敪揥曇,悢妛,","怴拞妛栤戣廤敪揥曇偺斕攧傪偟偰偄傑偡丅","","宖嵹偡傞","寉尭惻棪愝掕偟側偄","偟側偄","昞宍幃乮僆僾僔儑儞侾偑廲乯"
"41976363","拞妛惗","怴拞妛栤戣廤 敪揥曇","","怴拞妛栤戣廤 塸岅 敪揥曇","https://img17.shop-pro.jp/PA01168/556/product/41976363.jpg","嶌惉偡傞","","","","","","","","","","2050","2050","","","0","嵼屔娗棟偟側偄","","","2004/01/01","00:00:00","","","嶜","10","昞帵偡傞","","1","懡偔偺弇丒妛峑偱嵦梡偝傟偰偄傞掕斣偺栤戣廤偱偡丅","懡偔偺弇丒妛峑偱嵦梡偝傟偰偄傞掕斣偺栤戣廤偱偡丅
<table border=""0"" width=""250"">
<tbody>
<tr>
  <td>弌斉幮</td>
  <td>嫵堢奐敪弌斉</td>
</tr>


<tr>
  <td>擄堈搙</td>
  <td>仛仛仛仛仛</td>
</tr>


<tr>
  <td>僒僀僘</td>
  <td>俛俆</td>
</tr>

</tbody>
</table>
<p>夝摎丒夝愢晅偒偱偡丅</p>

<!--
<br>
<p>
亙偍抦傜偣亜<br>
杮彜昳偼2024擭搙夵掶偺怴斉偱偡丅
</p>
<p>媽斉偺斕攧偼廔椆偄偨偟傑偟偨丅</p>

<p>媽斉傪偛婓朷偺曽偼<a href=""https://iorishobo.com/?pid=177743969"">怴拞妛栤戣廤塸岅(敪揥曇)媽斉</a>偐傜偛峸擖偔偩偝偄丅
</p>
-->
","","","","昞帵偟側偄","1","220603","怴拞妛栤戣廤丂塸岅丂敪揥曇","嶲峫彂","栤戣廤","懡偔偺弇丒妛峑偱嵦梡偝傟偰偄傞掕斣偺栤戣廤偱偡丅","","","","怴昳","","","","","怴拞妛栤戣廤,敪揥曇,塸岅,嫵堢奐敪弌斉","怴拞妛栤戣廤敪揥曇偺斕攧傪偟偰偄傑偡丅","","宖嵹偡傞","寉尭惻棪愝掕偟側偄","偟側偄","昞宍幃乮僆僾僔儑儞侾偑廲乯"
"41976364","拞妛惗","怴拞妛栤戣廤 敪揥曇","","怴拞妛栤戣廤 崙岅 敪揥曇","https://img17.shop-pro.jp/PA01168/556/product/41976364.jpg","嶌惉偡傞","","","","","","","","","","2050","2050","","","0","嵼屔娗棟偟側偄","","","2004/01/01","00:00:00","","","嶜","10","昞帵偡傞","","1","懡偔偺弇丒妛峑偱嵦梡偝傟偰偄傞掕斣偺栤戣廤偱偡丅","懡偔偺弇丒妛峑偱嵦梡偝傟偰偄傞掕斣偺栤戣廤偱偡丅
<table border=""0"" width=""250"">
<tbody>
<tr>
  <td>弌斉幮</td>
  <td>嫵堢奐敪弌斉</td>
</tr>

<tr>
  <td>擄堈搙</td>
  <td>仛仛仛仛仛</td>
</tr>



<tr>
  <td>僒僀僘</td>
  <td>俛俆</td>
</tr>

</tbody>
</table>
<p>夝摎丒夝愢晅偒偱偡丅</p>

<!--
<br>
<p>
亙偍抦傜偣亜<br>
杮彜昳偼2024擭搙夵掶偺怴斉偱偡丅
</p>
<p>媽斉偺斕攧偼廔椆偄偨偟傑偟偨丅</p>
<p>媽斉傪偛婓朷偺曽偼<a href=""https://iorishobo.com/?pid=177743979"">怴拞妛栤戣廤崙岅(敪揥曇)媽斉</a>偐傜偛峸擖偔偩偝偄丅
</p>
-->","","","","昞帵偟側偄","1","220603","怴拞妛栤戣廤丂崙岅丂敪揥曇","嶲峫彂","栤戣廤","懡偔偺弇丒妛峑偱嵦梡偝傟偰偄傞掕斣偺栤戣廤偱偡丅","","","","怴昳","","","","","怴拞妛栤戣廤,怴拞妛栤戣廤敪揥曇,敪揥曇,崙岅,嫵堢奐敪弌斉","怴拞妛栤戣廤敪揥曇偺斕攧傪偟偰偄傑偡丅","","宖嵹偡傞","寉尭惻棪愝掕偟側偄","偟側偄","昞宍幃乮僆僾僔儑儞侾偑廲乯"
"177743956","拞妛惗","怴拞妛栤戣廤 敪揥曇","","怴拞妛栤戣廤 悢妛 敪揥曇 (媽斉)","https://img17.shop-pro.jp/PA01168/556/product/177743956.jpg","嶌惉偟側偄","","","","","","","","","","1500","1500","","","0","嵼屔娗棟偡傞","1","100","2004/01/01","00:00:00","","","嶜","10","昞帵偡傞","5","1","懡偔偺弇丒妛峑偱嵦梡偝傟偰偄傞掕斣偺栤戣廤偱偡丅","懡偔偺弇丒妛峑偱嵦梡偝傟偰偄傞掕斣偺栤戣廤偱偡丅
<table border=""0"" width=""250"">
<tbody>
<tr>
  <td>弌斉幮</td>
  <td>嫵堢奐敪弌斉</td>
</tr>


<tr>
  <td>擄堈搙</td>
  <td>仛仛仛仛仛</td>
</tr>


<tr>
  <td>僒僀僘</td>
  <td>俛俆</td>
</tr>

</tbody>
</table>
<p>夝摎丒夝愢晅偒偱偡丅</p>
<p>
亙偍抦傜偣亜<br>
杮彜昳偼2024擭搙偵夵掶偝傟傑偟偨偑丄杮彜昳偼夵掶慜偺彜昳偱偡丅<br>
妛廗巜摫梫椞曄峏偵傛傞夵掶偱偼側偄偨傔丄2024擭搙偱傕巊梡偱偒傑偡丅<br>
嵼屔偑側偔側傝師戞丄斕攧傪廔椆偄偨偟傑偡偺偱丄梊傔偛椆彸偔偩偝偄丅
</p>
<p>怴斉偛婓朷偺曽偼<a href=""https://iorishobo.com/?pid=41976361"">怴拞妛栤戣廤悢妛(敪揥曇)怴斉</a>偐傜偛峸擖偔偩偝偄丅
</p>



","","","","昞帵偟側偄","25","220603","怴拞妛栤戣廤丂悢妛丂敪揥曇","嶲峫彂","栤戣廤","懡偔偺弇丒妛峑偱嵦梡偝傟偰偄傞掕斣偺栤戣廤偱偡丅","","","","怴昳","","","","","怴拞妛栤戣廤,怴拞妛栤戣廤敪揥曇,敪揥曇,悢妛,","怴拞妛栤戣廤敪揥曇偺斕攧傪偟偰偄傑偡丅","","宖嵹偟側偄","寉尭惻棪愝掕偟側偄","偟側偄","昞宍幃乮僆僾僔儑儞侾偑廲乯"
"177743969","拞妛惗","怴拞妛栤戣廤 敪揥曇","","怴拞妛栤戣廤 塸岅 敪揥曇 (媽斉)","https://img17.shop-pro.jp/PA01168/556/product/177743969.jpg","嶌惉偟側偄","","","","","","","","","","1500","1500","","","0","嵼屔娗棟偡傞","","","2004/01/01","00:00:00","","","嶜","10","昞帵偡傞","","1","懡偔偺弇丒妛峑偱嵦梡偝傟偰偄傞掕斣偺栤戣廤偱偡丅","懡偔偺弇丒妛峑偱嵦梡偝傟偰偄傞掕斣偺栤戣廤偱偡丅
<table border=""0"" width=""250"">
<tbody>
<tr>
  <td>弌斉幮</td>
  <td>嫵堢奐敪弌斉</td>
</tr>


<tr>
  <td>擄堈搙</td>
  <td>仛仛仛仛仛</td>
</tr>


<tr>
  <td>僒僀僘</td>
  <td>俛俆</td>
</tr>

</tbody>
</table>
<p>夝摎丒夝愢晅偒偱偡丅</p>
<br>
<p>
亙偍抦傜偣亜<br>
杮彜昳偼2024擭搙偵夵掶偝傟傑偟偨偑丄杮彜昳偼夵掶慜偺彜昳偱偡丅<br>
妛廗巜摫梫椞曄峏偵傛傞夵掶偱偼側偄偨傔丄2024擭搙偱傕巊梡偱偒傑偡丅<br>
嵼屔偑側偔側傝師戞丄斕攧傪廔椆偄偨偟傑偡偺偱丄梊傔偛椆彸偔偩偝偄丅
</p>
<p>怴斉偛婓朷偺曽偼<a href=""https://iorishobo.com/?pid=41976363"">怴拞妛栤戣廤塸岅(敪揥曇)怴斉</a>偐傜偛峸擖偔偩偝偄丅
</p>","","","","昞帵偟側偄","1","220603","怴拞妛栤戣廤丂塸岅丂敪揥曇","嶲峫彂","栤戣廤","懡偔偺弇丒妛峑偱嵦梡偝傟偰偄傞掕斣偺栤戣廤偱偡丅","","","","怴昳","","","","","怴拞妛栤戣廤,敪揥曇,塸岅,嫵堢奐敪弌斉","怴拞妛栤戣廤敪揥曇偺斕攧傪偟偰偄傑偡丅","","宖嵹偟側偄","寉尭惻棪愝掕偟側偄","偟側偄","昞宍幃乮僆僾僔儑儞侾偑廲乯"
"177743979","拞妛惗","怴拞妛栤戣廤 敪揥曇","","怴拞妛栤戣廤 崙岅 敪揥曇 (媽斉)","https://img17.shop-pro.jp/PA01168/556/product/177743979.jpg","嶌惉偟側偄","","","","","","","","","","1700","1700","","","0","嵼屔娗棟偡傞","","","2004/01/01","00:00:00","","","嶜","10","昞帵偡傞","","1","懡偔偺弇丒妛峑偱嵦梡偝傟偰偄傞掕斣偺栤戣廤偱偡丅","懡偔偺弇丒妛峑偱嵦梡偝傟偰偄傞掕斣偺栤戣廤偱偡丅
<table border=""0"" width=""250"">
<tbody>
<tr>
  <td>弌斉幮</td>
  <td>嫵堢奐敪弌斉</td>
</tr>

<tr>
  <td>擄堈搙</td>
  <td>仛仛仛仛仛</td>
</tr>



<tr>
  <td>僒僀僘</td>
  <td>俛俆</td>
</tr>

</tbody>
</table>
<p>夝摎丒夝愢晅偒偱偡丅</p>
<p>
亙偍抦傜偣亜<br>
杮彜昳偼2024擭搙偵夵掶偝傟傑偟偨偑丄杮彜昳偼夵掶慜偺彜昳偱偡丅<br>
妛廗巜摫梫椞曄峏偵傛傞夵掶偱偼側偄偨傔丄2024擭搙偱傕巊梡偱偒傑偡丅<br>
嵼屔偑側偔側傝師戞丄斕攧傪廔椆偄偨偟傑偡偺偱丄梊傔偛椆彸偔偩偝偄丅
</p>
<p>怴斉偛婓朷偺曽偼<a href=""https://iorishobo.com/?pid=41976364"">怴拞妛栤戣廤崙岅(敪揥曇)怴斉</a>偐傜偛峸擖偔偩偝偄丅
</p>
","","","","昞帵偟側偄","1","220603","怴拞妛栤戣廤丂崙岅丂敪揥曇","嶲峫彂","栤戣廤","懡偔偺弇丒妛峑偱嵦梡偝傟偰偄傞掕斣偺栤戣廤偱偡丅","","","","怴昳","","","","","怴拞妛栤戣廤,怴拞妛栤戣廤敪揥曇,敪揥曇,崙岅,嫵堢奐敪弌斉","怴拞妛栤戣廤敪揥曇偺斕攧傪偟偰偄傑偡丅","","宖嵹偟側偄","寉尭惻棪愝掕偟側偄","偟側偄","昞宍幃乮僆僾僔儑儞侾偑廲乯"
"186568527","拞妛惗","怴拞妛栤戣廤 敪揥曇","","怴拞妛栤戣廤 悢妛 敪揥曇丂栿偁傝昳","https://img17.shop-pro.jp/PA01168/556/product/186568527.jpg","嶌惉偟側偄","https://img17.shop-pro.jp/PA01168/556/product/186568527_o1.jpg","","","","","","","","","1800","1800","","","0","嵼屔娗棟偡傞","1","100","2004/01/01","00:00:00","","","嶜","10","昞帵偟側偄","5","1","懡偔偺弇丒妛峑偱嵦梡偝傟偰偄傞掕斣偺栤戣廤偱偡丅","懡偔偺弇丒妛峑偱嵦梡偝傟偰偄傞掕斣偺栤戣廤偱偡丅
妏偺晹暘偵愜傟偑偁傞偨傔丄栿偁傝昳偲側偭偰偍傝傑偡丅
<table border=""0"" width=""250"">
<tbody>
<tr>
  <td>弌斉幮</td>
  <td>嫵堢奐敪弌斉</td>
</tr>


<tr>
  <td>擄堈搙</td>
  <td>仛仛仛仛仛</td>
</tr>


<tr>
  <td>僒僀僘</td>
  <td>俛俆</td>
</tr>

</tbody>
</table>
<p>夝摎丒夝愢晅偒偱偡丅</p>
<p>捠忢偺彜昳偼<a href=""https://iorishobo.com/?pid=41976361"">偙偪傜</a></p>
<!--
<p>
亙偍抦傜偣亜<br>
杮彜昳偼2024擭搙夵掶偺怴斉偱偡丅
</p>
<p>媽斉偺斕攧偼廔椆偄偨偟傑偟偨丅</p>
<p>媽斉傪偛婓朷偺曽偼<a href=""https://iorishobo.com/?pid=177743956"">怴拞妛栤戣廤悢妛(敪揥曇)媽斉</a>偐傜偛峸擖偔偩偝偄丅
</p>
-->


","","","","昞帵偟側偄","25","220603","怴拞妛栤戣廤丂悢妛丂敪揥曇","嶲峫彂","栤戣廤","懡偔偺弇丒妛峑偱嵦梡偝傟偰偄傞掕斣偺栤戣廤偱偡丅","","","","怴昳","","","","","怴拞妛栤戣廤,怴拞妛栤戣廤敪揥曇,敪揥曇,悢妛,","怴拞妛栤戣廤敪揥曇偺斕攧傪偟偰偄傑偡丅","","宖嵹偟側偄","寉尭惻棪愝掕偟側偄","偟側偄","昞宍幃乮僆僾僔儑儞侾偑廲乯"
"41976367","拞妛惗","怴拞妛栤戣廤(昗弨曇)","","怴拞妛栤戣廤 悢妛(昗弨曇)","https://img17.shop-pro.jp/PA01168/556/product/41976367.jpg","嶌惉偡傞","","","","","","","","","","1950","1950","","","0","嵼屔娗棟偟側偄","","","2004/01/01","00:00:00","","","嶜","10","昞帵偡傞","","2","懡偔偺弇丒妛峑偱嵦梡偝傟偰偄傞掕斣偺栤戣廤偱偡丅","懡偔偺弇丒妛峑偱嵦梡偝傟偰偄傞掕斣偺栤戣廤偱偡丅
<table border=""0"" width=""250"">
<tbody>
<tr>
  <td>弌斉幮</td>
  <td>嫵堢奐敪弌斉</td>
</tr>

<tr>
  <td>擄堈搙</td>
  <td>仛仛仛仛仚</td>
</tr>

<tr>
  <td>僒僀僘</td>
  <td>俛俆</td>
</tr>

</tbody>
</table>
<p>夝摎丒夝愢晅偒偱偡丅</p>
<!--

<p>
亙偍抦傜偣亜<br>
杮彜昳偼2024擭搙夵掶偺怴斉偱偡丅</p>
<p>媽斉偺斕攧偼廔椆偄偨偟傑偟偨丅
</p>
-->","","","","昞帵偟側偄","1","220603","怴拞妛栤戣廤丂悢妛","嶲峫彂","栤戣廤","懡偔偺弇丒妛峑偱嵦梡偝傟偰偄傞掕斣偺栤戣廤偱偡丅","","","","怴昳","","","","","怴拞妛栤戣廤,昗弨曇,悢妛,嫵堢奐敪弌斉","怴拞妛栤戣廤昗弨曇偺斕攧傪偟偰偄傑偡丅","","宖嵹偡傞","寉尭惻棪愝掕偟側偄","偟側偄","昞宍幃乮僆僾僔儑儞侾偑廲乯"
"41976368","拞妛惗","怴拞妛栤戣廤(昗弨曇)","","怴拞妛栤戣廤 塸岅(昗弨曇)","https://img17.shop-pro.jp/PA01168/556/product/41976368.jpg","嶌惉偡傞","","","","","","","","","","1950","1950","","","0","嵼屔娗棟偟側偄","","","2004/01/01","00:00:00","","","嶜","10","昞帵偡傞","","2","懡偔偺弇丒妛峑偱嵦梡偝傟偰偄傞掕斣偺栤戣廤偱偡丅","懡偔偺弇丒妛峑偱嵦梡偝傟偰偄傞掕斣偺栤戣廤偱偡丅
<table border=""0"" width=""250"">
<tbody>
<tr>
  <td>弌斉幮</td>
  <td>嫵堢奐敪弌斉</td>
</tr>

<tr>
  <td>擄堈搙</td>
  <td>仛仛仛仛仚</td>
</tr>

<tr>
  <td>僒僀僘</td>
  <td>俛俆</td>
</tr>

</tbody>
</table>
<p>夝摎丒夝愢晅偒偱偡丅</p>

<!--
<p>
亙偍抦傜偣亜<br>
杮彜昳偼2024擭搙夵掶偺怴斉偱偡丅
</p>
<p>媽斉偺斕攧偼廔椆偄偨偟傑偟偨丅</p>
<p>媽斉傪偛婓朷偺曽偼<a href=""https://iorishobo.com/?pid=177743865"">怴拞妛栤戣廤塸岅(昗弨曇)媽斉</a>偐傜偛峸擖偔偩偝偄丅
</p>
-->
","","","","昞帵偟側偄","1","220603","怴拞妛栤戣廤丂塸岅","嶲峫彂","栤戣廤","懡偔偺弇丒妛峑偱嵦梡偝傟偰偄傞掕斣偺栤戣廤偱偡丅","","","","怴昳","","","","","怴拞妛栤戣廤,怴拞妛栤戣廤昗弨曇,昗弨曇,塸岅,","怴拞妛栤戣廤昗弨曇偺斕攧傪偟偰偄傑偡丅","","宖嵹偡傞","寉尭惻棪愝掕偟側偄","偟側偄","昞宍幃乮僆僾僔儑儞侾偑廲乯"
"41976370","拞妛惗","怴拞妛栤戣廤(昗弨曇)","","怴拞妛栤戣廤 崙岅(昗弨曇)","https://img17.shop-pro.jp/PA01168/556/product/41976370.jpg","嶌惉偡傞","","","","","","","","","","1950","1950","","","0","嵼屔娗棟偟側偄","","","2004/01/01","00:00:00","","","嶜","10","昞帵偡傞","","2","懡偔偺弇丒妛峑偱嵦梡偝傟偰偄傞掕斣偺栤戣廤偱偡丅","懡偔偺弇丒妛峑偱嵦梡偝傟偰偄傞掕斣偺栤戣廤偱偡丅
<table border=""0"" width=""250"">
<tbody>
<tr>
  <td>擄堈搙</td>
  <td>仛仛仛仛仚</td>
</tr>

<tr>
  <td>弌斉幮</td>
  <td>嫵堢奐敪弌斉</td>
</tr>

<tr>
  <td>僒僀僘</td>
  <td>俛俆</td>
</tr>

</tbody>
</table>
<p>夝摎丒夝愢晅偒偱偡丅</p>

<!--
<p>
亙偍抦傜偣亜<br>
杮彜昳偼2024擭搙夵掶偺怴斉偱偡丅
</p>
<p>媽斉偺斕攧偼廔椆偄偨偟傑偟偨丅</p>
<p>媽斉傪偛婓朷偺曽偼<a href=""https://iorishobo.com/?pid=177743884"">怴拞妛栤戣廤崙岅(昗弨曇)媽斉</a>偐傜偛峸擖偔偩偝偄丅
</p>
-->

","","","","昞帵偟側偄","1","220603","怴拞妛栤戣廤丂崙岅","嶲峫彂","栤戣廤","懡偔偺弇丒妛峑偱嵦梡偝傟偰偄傞掕斣偺栤戣廤偱偡丅","","","","怴昳","","","","","怴拞妛栤戣廤,怴拞妛栤戣廤昗弨曇,昗弨曇,崙岅,","怴拞妛栤戣廤昗弨曇偺斕攧傪偟偰偄傑偡丅","","宖嵹偡傞","寉尭惻棪愝掕偟側偄","偟側偄","昞宍幃乮僆僾僔儑儞侾偑廲乯"
"41976371","拞妛惗","怴拞妛栤戣廤(昗弨曇)","","怴拞妛栤戣廤 棟壢(昗弨曇)","https://img17.shop-pro.jp/PA01168/556/product/41976371.jpg","嶌惉偡傞","","","","","","","","","","1950","1950","","","0","嵼屔娗棟偟側偄","","","2004/01/01","00:00:00","","","嶜","10","昞帵偡傞","","2","懡偔偺弇丒妛峑偱嵦梡偝傟偰偄傞掕斣偺栤戣廤偱偡丅","懡偔偺弇丒妛峑偱嵦梡偝傟偰偄傞掕斣偺栤戣廤偱偡丅
<table border=""0"" width=""250"">
<tbody>
<tr>
  <td>弌斉幮</td>
  <td>嫵堢奐敪弌斉</td>
</tr>

<tr>
  <td>擄堈搙</td>
  <td>仛仛仛仛仚</td>
</tr>

<tr>
  <td>僒僀僘</td>
  <td>俛俆</td>
</tr>

</tbody>
</table>
<p>夝摎丒夝愢晅偒偱偡丅</p>

<!--
<br>
<p>
亙偍抦傜偣亜<br>
杮彜昳偼2024擭搙夵掶偺怴斉偱偡丅
</p>
<p>媽斉偺斕攧偼廔椆偄偨偟傑偟偨丅</p>
<p>媽斉傪偛婓朷偺曽偼<a href=""https://iorishobo.com/?pid=177743900"">怴拞妛栤戣廤棟壢(昗弨曇)媽斉</a>偐傜偛峸擖偔偩偝偄丅
</p>
-->
","","","","昞帵偟側偄","1","220603","怴拞妛栤戣廤丂棟壢","嶲峫彂","栤戣廤","懡偔偺弇丒妛峑偱嵦梡偝傟偰偄傞掕斣偺栤戣廤偱偡丅","","","","怴昳","","","","","怴拞妛栤戣廤,怴拞妛栤戣廤昗弨曇,昗弨曇,棟壢,","怴拞妛栤戣廤昗弨曇偺斕攧傪偟偰偄傑偡丅","","宖嵹偡傞","寉尭惻棪愝掕偟側偄","偟側偄","昞宍幃乮僆僾僔儑儞侾偑廲乯"
"41976373","拞妛惗","怴拞妛栤戣廤(昗弨曇)","","怴拞妛栤戣廤 幮夛(昗弨曇)","https://img17.shop-pro.jp/PA01168/556/product/41976373.jpg","嶌惉偡傞","","","","","","","","","","1950","1950","","","0","嵼屔娗棟偟側偄","","","2004/01/01","00:00:00","","","嶜","10","昞帵偡傞","","2","懡偔偺弇丒妛峑偱嵦梡偝傟偰偄傞掕斣偺栤戣廤偱偡丅","懡偔偺弇丒妛峑偱嵦梡偝傟偰偄傞掕斣偺栤戣廤偱偡丅
<table border=""0"" width=""250"">
<tbody>
<tr>
  <td>擄堈搙</td>
  <td>仛仛仛仛仚</td>
</tr>

<tr>
  <td>弌斉幮</td>
  <td>嫵堢奐敪弌斉</td>
</tr>

<tr>
  <td>僒僀僘</td>
  <td>俛俆</td>
</tr>

</tbody>
</table>
<p>夝摎丒夝愢晅偒偱偡丅</p>
<br>
仸侾偲俀偺嬫暿偵偮偄偰<br>
乽抧棟侾乿悽奅偺抧堟<br>
乽抧棟俀乿擔杮偺抧堟<br>
乽楌巎侾乿埨搚搷嶳帪戙埲慜<br>
乽楌巎俀乿埨搚搷嶳帪戙埲崀<br>
<br>


<!--
<p>
亙偍抦傜偣亜<br>
杮彜昳偼2024擭搙夵掶偺怴斉偱偡丅
</p>
<p>媽斉偺斕攧偼廔椆偄偨偟傑偟偨丅</p>
<p>媽斉傪偛婓朷偺曽偼<a href=""https://iorishobo.com/?pid=177743917"">怴拞妛栤戣廤幮夛(昗弨曇)媽斉</a>偐傜偛峸擖偔偩偝偄丅
</p>
-->

","","","","昞帵偟側偄","1","220603","怴拞妛栤戣廤丂幮夛","嶲峫彂","栤戣廤","懡偔偺弇丒妛峑偱嵦梡偝傟偰偄傞掕斣偺栤戣廤偱偡丅","","","","怴昳","","","","","怴拞妛栤戣廤,怴拞妛栤戣廤昗弨曇,幮夛,","怴拞妛栤戣廤昗弨曇偺斕攧傪偟偰偄傑偡丅","","宖嵹偡傞","寉尭惻棪愝掕偟側偄","偟側偄","昞宍幃乮僆僾僔儑儞侾偑廲乯"
"177743556","拞妛惗","怴拞妛栤戣廤(昗弨曇)","","怴拞妛栤戣廤 悢妛(昗弨曇) (媽斉)","https://img17.shop-pro.jp/PA01168/556/product/177743556.jpg","嶌惉偟側偄","","","","","","","","","","1500","1500","","","0","嵼屔娗棟偡傞","","","2004/01/01","00:00:00","","","嶜","10","昞帵偡傞","","2","懡偔偺弇丒妛峑偱嵦梡偝傟偰偄傞掕斣偺栤戣廤偱偡丅","懡偔偺弇丒妛峑偱嵦梡偝傟偰偄傞掕斣偺栤戣廤偱偡丅
<table border=""0"" width=""250"">
<tbody>
<tr>
  <td>弌斉幮</td>
  <td>嫵堢奐敪弌斉</td>
</tr>

<tr>
  <td>擄堈搙</td>
  <td>仛仛仛仛仚</td>
</tr>

<tr>
  <td>僒僀僘</td>
  <td>俛俆</td>
</tr>

</tbody>
</table>
<p>夝摎丒夝愢晅偒偱偡丅<br/ >
<p>
亙偍抦傜偣亜<br>
杮彜昳偼2024擭搙偵夵掶偝傟傑偟偨偑丄杮彜昳偼夵掶慜偺彜昳偱偡丅<br>
妛廗巜摫梫椞曄峏偵傛傞夵掶偱偼側偄偨傔丄2024擭搙偱傕巊梡偱偒傑偡丅<br>
嵼屔偑側偔側傝師戞丄斕攧傪廔椆偄偨偟傑偡偺偱丄梊傔偛椆彸偔偩偝偄丅
</p>
<p>怴斉偛婓朷偺曽偼<a href=""https://iorishobo.com/?pid=41976367"">怴拞妛栤戣廤悢妛(昗弨曇)怴斉</a>偐傜偛峸擖偔偩偝偄丅
</p>","","","","昞帵偟側偄","1","220603","怴拞妛栤戣廤丂悢妛","嶲峫彂","栤戣廤","懡偔偺弇丒妛峑偱嵦梡偝傟偰偄傞掕斣偺栤戣廤偱偡丅","","","","怴昳","","","","","怴拞妛栤戣廤,昗弨曇,悢妛,嫵堢奐敪弌斉","怴拞妛栤戣廤昗弨曇偺斕攧傪偟偰偄傑偡丅","","宖嵹偟側偄","寉尭惻棪愝掕偟側偄","偟側偄","昞宍幃乮僆僾僔儑儞侾偑廲乯"
"177743865","拞妛惗","怴拞妛栤戣廤(昗弨曇)","","怴拞妛栤戣廤 塸岅(昗弨曇) (媽斉)","https://img17.shop-pro.jp/PA01168/556/product/177743865.jpg","嶌惉偟側偄","","","","","","","","","","1500","1500","","","0","嵼屔娗棟偡傞","","","2004/01/01","00:00:00","","","嶜","10","昞帵偡傞","","2","懡偔偺弇丒妛峑偱嵦梡偝傟偰偄傞掕斣偺栤戣廤偱偡丅","懡偔偺弇丒妛峑偱嵦梡偝傟偰偄傞掕斣偺栤戣廤偱偡丅
<table border=""0"" width=""250"">
<tbody>
<tr>
  <td>弌斉幮</td>
  <td>嫵堢奐敪弌斉</td>
</tr>

<tr>
  <td>擄堈搙</td>
  <td>仛仛仛仛仚</td>
</tr>

<tr>
  <td>僒僀僘</td>
  <td>俛俆</td>
</tr>

</tbody>
</table>
<p>夝摎丒夝愢晅偒偱偡丅</p>

<p>
乽怴拞妛栤戣廤塸岅侾擭乿乽怴拞妛栤戣廤塸岅俀擭乿偺昞巻偵偼乽Second Edition乿偺昞婰偑偁傝傑偡丅
</p>
<p>
亙偍抦傜偣亜<br>
杮彜昳偼2024擭搙偵夵掶偝傟傑偟偨偑丄杮彜昳偼夵掶慜偺彜昳偱偡丅<br>
妛廗巜摫梫椞曄峏偵傛傞夵掶偱偼側偄偨傔丄2024擭搙偱傕巊梡偱偒傑偡丅<br>
嵼屔偑側偔側傝師戞丄斕攧傪廔椆偄偨偟傑偡偺偱丄梊傔偛椆彸偔偩偝偄丅
</p>
<p>怴斉偛婓朷偺曽偼<a href=""https://iorishobo.com/?pid=41976368"">怴拞妛栤戣廤塸岅(昗弨曇)怴斉</a>偐傜偛峸擖偔偩偝偄丅
</p>","","","","昞帵偟側偄","1","220603","怴拞妛栤戣廤丂塸岅","嶲峫彂","栤戣廤","懡偔偺弇丒妛峑偱嵦梡偝傟偰偄傞掕斣偺栤戣廤偱偡丅","","","","怴昳","","","","","怴拞妛栤戣廤,怴拞妛栤戣廤昗弨曇,昗弨曇,塸岅,","怴拞妛栤戣廤昗弨曇偺斕攧傪偟偰偄傑偡丅","","宖嵹偟側偄","寉尭惻棪愝掕偟側偄","偟側偄","昞宍幃乮僆僾僔儑儞侾偑廲乯"
"177743884","拞妛惗","怴拞妛栤戣廤(昗弨曇)","","怴拞妛栤戣廤 崙岅(昗弨曇) (媽斉)","https://img17.shop-pro.jp/PA01168/556/product/177743884.jpg","嶌惉偟側偄","","","","","","","","","","1300","1300","","","0","嵼屔娗棟偡傞","","","2004/01/01","00:00:00","","","嶜","10","昞帵偟側偄","","2","懡偔偺弇丒妛峑偱嵦梡偝傟偰偄傞掕斣偺栤戣廤偱偡丅","懡偔偺弇丒妛峑偱嵦梡偝傟偰偄傞掕斣偺栤戣廤偱偡丅
<table border=""0"" width=""250"">
<tbody>
<tr>
  <td>擄堈搙</td>
  <td>仛仛仛仛仚</td>
</tr>

<tr>
  <td>弌斉幮</td>
  <td>嫵堢奐敪弌斉</td>
</tr>

<tr>
  <td>僒僀僘</td>
  <td>俛俆</td>
</tr>

</tbody>
</table>
<p>夝摎丒夝愢晅偒偱偡丅</p>
<br>

<p>
亙偍抦傜偣亜<br>
杮彜昳偼2024擭搙偵夵掶偝傟傑偟偨偑丄杮彜昳偼夵掶慜偺彜昳偱偡丅<br>
妛廗巜摫梫椞曄峏偵傛傞夵掶偱偼側偄偨傔丄2024擭搙偱傕巊梡偱偒傑偡丅<br>
嵼屔偑側偔側傝師戞丄斕攧傪廔椆偄偨偟傑偡偺偱丄梊傔偛椆彸偔偩偝偄丅
</p>
<p>怴斉偛婓朷偺曽偼<a href=""https://iorishobo.com/?pid=41976370"">怴拞妛栤戣廤崙岅(昗弨曇)怴斉</a>偐傜偛峸擖偔偩偝偄丅
</p>","","","","昞帵偟側偄","1","220603","怴拞妛栤戣廤丂崙岅","嶲峫彂","栤戣廤","懡偔偺弇丒妛峑偱嵦梡偝傟偰偄傞掕斣偺栤戣廤偱偡丅","","","","怴昳","","","","","怴拞妛栤戣廤,怴拞妛栤戣廤昗弨曇,昗弨曇,崙岅,","怴拞妛栤戣廤昗弨曇偺斕攧傪偟偰偄傑偡丅","","宖嵹偡傞","寉尭惻棪愝掕偟側偄","偟側偄","昞宍幃乮僆僾僔儑儞侾偑廲乯"
"177743900","拞妛惗","怴拞妛栤戣廤(昗弨曇)","","怴拞妛栤戣廤 棟壢(昗弨曇) (媽斉)","https://img17.shop-pro.jp/PA01168/556/product/177743900.jpg","嶌惉偟側偄","","","","","","","","","","1950","1950","","","0","嵼屔娗棟偡傞","","","2004/01/01","00:00:00","","","嶜","10","昞帵偡傞","","2","懡偔偺弇丒妛峑偱嵦梡偝傟偰偄傞掕斣偺栤戣廤偱偡丅","懡偔偺弇丒妛峑偱嵦梡偝傟偰偄傞掕斣偺栤戣廤偱偡丅
<table border=""0"" width=""250"">
<tbody>
<tr>
  <td>弌斉幮</td>
  <td>嫵堢奐敪弌斉</td>
</tr>

<tr>
  <td>擄堈搙</td>
  <td>仛仛仛仛仚</td>
</tr>

<tr>
  <td>僒僀僘</td>
  <td>俛俆</td>
</tr>

</tbody>
</table>
<p>夝摎丒夝愢晅偒偱偡丅</p>
<br>
<p>
仸偍抦傜偣<br>
夵掶偵傛傝丄昞巻偵乽Second Edition乿偺昞婰偑偁傝傑偡丅
</p>
<p>
亙偍抦傜偣亜<br>
杮彜昳偼2024擭搙偵夵掶偝傟傑偟偨偑丄杮彜昳偼夵掶慜偺彜昳偱偡丅<br>
妛廗巜摫梫椞曄峏偵傛傞夵掶偱偼側偄偨傔丄2024擭搙偱傕巊梡偱偒傑偡丅<br>
嵼屔偑側偔側傝師戞丄斕攧傪廔椆偄偨偟傑偡偺偱丄梊傔偛椆彸偔偩偝偄丅
</p>
<p>怴斉偛婓朷偺曽偼<a href=""https://iorishobo.com/?pid=41976371"">怴拞妛栤戣廤棟壢(昗弨曇)怴斉</a>偐傜偛峸擖偔偩偝偄丅
</p>","","","","昞帵偟側偄","1","220603","怴拞妛栤戣廤丂棟壢","嶲峫彂","栤戣廤","懡偔偺弇丒妛峑偱嵦梡偝傟偰偄傞掕斣偺栤戣廤偱偡丅","","","","怴昳","","","","","怴拞妛栤戣廤,怴拞妛栤戣廤昗弨曇,昗弨曇,棟壢,","怴拞妛栤戣廤昗弨曇偺斕攧傪偟偰偄傑偡丅","","宖嵹偟側偄","寉尭惻棪愝掕偟側偄","偟側偄","昞宍幃乮僆僾僔儑儞侾偑廲乯"
"177743917","拞妛惗","怴拞妛栤戣廤(昗弨曇)","","怴拞妛栤戣廤 幮夛(昗弨曇) (媽斉)","https://img17.shop-pro.jp/PA01168/556/product/177743917.jpg","嶌惉偟側偄","","","","","","","","","","1950","1950","","","0","嵼屔娗棟偡傞","","","2004/01/01","00:00:00","","","嶜","10","昞帵偡傞","","2","懡偔偺弇丒妛峑偱嵦梡偝傟偰偄傞掕斣偺栤戣廤偱偡丅","懡偔偺弇丒妛峑偱嵦梡偝傟偰偄傞掕斣偺栤戣廤偱偡丅
<table border=""0"" width=""250"">
<tbody>
<tr>
  <td>擄堈搙</td>
  <td>仛仛仛仛仚</td>
</tr>

<tr>
  <td>弌斉幮</td>
  <td>嫵堢奐敪弌斉</td>
</tr>

<tr>
  <td>僒僀僘</td>
  <td>俛俆</td>
</tr>

</tbody>
</table>
<p>夝摎丒夝愢晅偒偱偡丅</p>
<br>
仸侾偲俀偺嬫暿偵偮偄偰<br />
乽抧棟侾乿悽奅偺抧堟<br />
乽抧棟俀乿擔杮偺抧堟<br />
乽楌巎侾乿埨搚搷嶳帪戙埲慜<br />
乽楌巎俀乿埨搚搷嶳帪戙埲崀<br />
<br>

<p>
亙偍抦傜偣亜<br>
杮彜昳偼2024擭搙偵夵掶偝傟傑偟偨偑丄杮彜昳偼夵掶慜偺彜昳偱偡丅<br>
妛廗巜摫梫椞曄峏偵傛傞夵掶偱偼側偄偨傔丄2024擭搙偱傕巊梡偱偒傑偡丅<br>
嵼屔偑側偔側傝師戞丄斕攧傪廔椆偄偨偟傑偡偺偱丄梊傔偛椆彸偔偩偝偄丅
</p>
<p>怴斉偛婓朷偺曽偼<a href=""https://iorishobo.com/?pid=41976373"">怴拞妛栤戣廤幮夛(昗弨曇)怴斉</a>偐傜偛峸擖偔偩偝偄丅
</p>","","","","昞帵偟側偄","1","220603","怴拞妛栤戣廤丂幮夛","嶲峫彂","栤戣廤","懡偔偺弇丒妛峑偱嵦梡偝傟偰偄傞掕斣偺栤戣廤偱偡丅","","","","怴昳","","","","","怴拞妛栤戣廤,怴拞妛栤戣廤昗弨曇,幮夛,","怴拞妛栤戣廤昗弨曇偺斕攧傪偟偰偄傑偡丅","","宖嵹偟側偄","寉尭惻棪愝掕偟側偄","偟側偄","昞宍幃乮僆僾僔儑儞侾偑廲乯"
"41976375","拞妛惗","怴拞妛栤戣廤 墘廗曇","","怴拞妛栤戣廤 悢妛 墘廗曇","https://img17.shop-pro.jp/PA01168/556/product/41976375.jpg","嶌惉偡傞","","","","","","","","","","1800","1800","","","0","嵼屔娗棟偟側偄","","","2004/01/01","00:00:00","","","嶜","10","昞帵偡傞","","3","懡偔偺弇丒妛峑偱嵦梡偝傟偰偄傞掕斣偺栤戣廤偱偡丅","懡偔偺弇丒妛峑偱嵦梡偝傟偰偄傞掕斣偺栤戣廤偱偡丅
<table border=""0"" width=""250"">
<tbody>
<tr>
  <td>擄堈搙</td>
  <td>仛仛仛仛仚</td>
</tr>

<tr>
  <td>弌斉幮</td>
  <td>嫵堢奐敪弌斉</td>
</tr>

<tr>
  <td>僒僀僘</td>
  <td>俙係</td>
</tr>

</tbody>
</table>
<p>夝摎丒夝愢晅偒偱偡丅</p>

<!--
<p>
仸偍抦傜偣<br>
杮彜昳偼2024擭搙夵掶偺怴斉偱偡丅
</p>
<p>
媽斉傪偛婓朷偺曽偼<a href=""https://iorishobo.com/?pid=177743994"">怴拞妛栤戣廤悢妛墘廗曇媽斉</a>偐傜偛峸擖偔偩偝偄丅
</p>
-->




","","","","昞帵偟側偄","1","220603","怴拞妛栤戣廤丂悢妛丂墘廗曇","嶲峫彂","栤戣廤","懡偔偺弇丒妛峑偱嵦梡偝傟偰偄傞掕斣偺栤戣廤偱偡丅","","","","怴昳","","","","","怴拞妛栤戣廤,怴拞妛栤戣廤墘廗曇,墘廗曇,悢妛,","怴拞妛栤戣廤墘廗曇偺斕攧傪偟偰偄傑偡丅","","宖嵹偡傞","寉尭惻棪愝掕偟側偄","偟側偄","昞宍幃乮僆僾僔儑儞侾偑廲乯"
"41976376","拞妛惗","怴拞妛栤戣廤 墘廗曇","","怴拞妛栤戣廤 塸岅 墘廗曇","https://img17.shop-pro.jp/PA01168/556/product/41976376.jpg","嶌惉偡傞","","","","","","","","","","1800","1800","","","0","嵼屔娗棟偟側偄","","","2004/01/01","00:00:00","","","嶜","10","昞帵偡傞","","3","懡偔偺弇丒妛峑偱嵦梡偝傟偰偄傞掕斣偺栤戣廤偱偡丅","懡偔偺弇丒妛峑偱嵦梡偝傟偰偄傞掕斣偺栤戣廤偱偡丅
<table border=""0"" width=""250"">
<tbody>
<tr>
  <td>擄堈搙</td>
  <td>仛仛仛仛仚</td>
</tr>

<tr>
  <td>弌斉幮</td>
  <td>嫵堢奐敪弌斉</td>
</tr>

<tr>
  <td>僒僀僘</td>
  <td>俙係</td>
</tr>

</tbody>
</table>
<p>夝摎丒夝愢晅偒偱偡丅</p>
<br>

<!--
<p>
仸偍抦傜偣<br>
杮彜昳偼2024擭搙夵掶偺怴斉偱偡丅
</p>
<p>媽斉傪偛婓朷偺曽偼<a href=""https://iorishobo.com/?pid=177744010"">怴拞妛栤戣廤墘廗曇塸岅媽斉</a>偐傜偛峸擖偔偩偝偄丅
</p>
-->
","","","","昞帵偟側偄","1","220603","怴拞妛栤戣廤丂塸岅丂墘廗曇","嶲峫彂","栤戣廤","懡偔偺弇丒妛峑偱嵦梡偝傟偰偄傞掕斣偺栤戣廤偱偡丅","","","","怴昳","","","","","怴拞妛栤戣廤,怴拞妛栤戣廤墘廗曇,墘廗曇,塸岅,","怴拞妛栤戣廤墘廗曇偺斕攧傪偟偰偄傑偡丅","","宖嵹偡傞","寉尭惻棪愝掕偟側偄","偟側偄","昞宍幃乮僆僾僔儑儞侾偑廲乯"
"177743994","拞妛惗","怴拞妛栤戣廤 墘廗曇","","怴拞妛栤戣廤 悢妛 墘廗曇 (媽斉)","https://img17.shop-pro.jp/PA01168/556/product/177743994.jpg","嶌惉偟側偄","","","","","","","","","","1200","1200","","","0","嵼屔娗棟偡傞","","","2004/01/01","00:00:00","","","嶜","10","昞帵偡傞","","3","懡偔偺弇丒妛峑偱嵦梡偝傟偰偄傞掕斣偺栤戣廤偱偡丅","懡偔偺弇丒妛峑偱嵦梡偝傟偰偄傞掕斣偺栤戣廤偱偡丅
<table border=""0"" width=""250"">
<tbody>
<tr>
  <td>擄堈搙</td>
  <td>仛仛仛仛仚</td>
</tr>

<tr>
  <td>弌斉幮</td>
  <td>嫵堢奐敪弌斉</td>
</tr>

<tr>
  <td>僒僀僘</td>
  <td>俙係</td>
</tr>

</tbody>
</table>
<p>夝摎丒夝愢晅偒偱偡丅</p>
<br>

<p>
亙偍抦傜偣亜<br>
杮彜昳偼2024擭搙偵夵掶偝傟傑偟偨偑丄杮彜昳偼夵掶慜偺彜昳偱偡丅<br>
妛廗巜摫梫椞曄峏偵傛傞夵掶偱偼側偄偨傔丄2024擭搙偱傕巊梡偱偒傑偡丅<br>
嵼屔偑側偔側傝師戞丄斕攧傪廔椆偄偨偟傑偡偺偱丄梊傔偛椆彸偔偩偝偄丅
</p>
<p>怴斉偛婓朷偺曽偼<a href=""https://iorishobo.com/?pid=41976375"">怴拞妛栤戣廤悢妛墘廗曇怴斉</a>偐傜偛峸擖偔偩偝偄丅
</p>


","","","","昞帵偟側偄","1","220603","怴拞妛栤戣廤丂悢妛丂墘廗曇","嶲峫彂","栤戣廤","懡偔偺弇丒妛峑偱嵦梡偝傟偰偄傞掕斣偺栤戣廤偱偡丅","","","","怴昳","","","","","怴拞妛栤戣廤,怴拞妛栤戣廤墘廗曇,墘廗曇,悢妛,","怴拞妛栤戣廤墘廗曇偺斕攧傪偟偰偄傑偡丅","","宖嵹偟側偄","寉尭惻棪愝掕偟側偄","偟側偄","昞宍幃乮僆僾僔儑儞侾偑廲乯"
"177744010","拞妛惗","怴拞妛栤戣廤 墘廗曇","","怴拞妛栤戣廤 塸岅 墘廗曇 (媽斉)","https://img17.shop-pro.jp/PA01168/556/product/177744010.jpg","嶌惉偟側偄","","","","","","","","","","1200","1200","","","0","嵼屔娗棟偡傞","","","2004/01/01","00:00:00","","","嶜","10","昞帵偡傞","","3","懡偔偺弇丒妛峑偱嵦梡偝傟偰偄傞掕斣偺栤戣廤偱偡丅","懡偔偺弇丒妛峑偱嵦梡偝傟偰偄傞掕斣偺栤戣廤偱偡丅
<table border=""0"" width=""250"">
<tbody>
<tr>
  <td>擄堈搙</td>
  <td>仛仛仛仛仚</td>
</tr>

<tr>
  <td>弌斉幮</td>
  <td>嫵堢奐敪弌斉</td>
</tr>

<tr>
  <td>僒僀僘</td>
  <td>俙係</td>
</tr>

</tbody>
</table>
<p>夝摎丒夝愢晅偒偱偡丅</p>
<p>
亙偍抦傜偣亜<br>
杮彜昳偼2024擭搙偵夵掶偝傟傑偟偨偑丄杮彜昳偼夵掶慜偺彜昳偱偡丅<br>
妛廗巜摫梫椞曄峏偵傛傞夵掶偱偼側偄偨傔丄2024擭搙偱傕巊梡偱偒傑偡丅<br>
嵼屔偑側偔側傝師戞丄斕攧傪廔椆偄偨偟傑偡偺偱丄梊傔偛椆彸偔偩偝偄丅
</p>
<p>怴斉傪偛婓朷偺曽偼<a href=""https://iorishobo.com/?pid=41976376"">怴拞妛栤戣廤塸岅(墘廗曇)怴斉</a>偐傜偛峸擖偔偩偝偄丅
</p>
","","","","昞帵偟側偄","1","220603","怴拞妛栤戣廤丂塸岅丂墘廗曇","嶲峫彂","栤戣廤","懡偔偺弇丒妛峑偱嵦梡偝傟偰偄傞掕斣偺栤戣廤偱偡丅","","","","怴昳","","","","","怴拞妛栤戣廤,怴拞妛栤戣廤墘廗曇,墘廗曇,塸岅,","怴拞妛栤戣廤墘廗曇偺斕攧傪偟偰偄傑偡丅","","宖嵹偟側偄","寉尭惻棪愝掕偟側偄","偟側偄","昞宍幃乮僆僾僔儑儞侾偑廲乯"
"41976377","拞妛惗","儅僀僋儕傾","","儅僀僋儕傾 悢妛","https://img17.shop-pro.jp/PA01168/556/product/41976377.jpg","嶌惉偡傞","","","","","","","","","","2100","2100","","","0","嵼屔娗棟偟側偄","","","2004/01/01","00:00:00","","","嶜","10","昞帵偡傞","","4","婎慴偐傜擖帋懳嶔傑偱丅昗弨揑側栤戣廤偱偡丅","婎慴偐傜擖帋懳嶔傑偱丅昗弨揑側栤戣廤偱偡丅
<table border=""0"" width=""250"">
<tbody>
<tr>
  <td>弌斉幮</td>
  <td>嫵堢奐敪弌斉</td>
</tr>

<tr>
  <td>擄堈搙</td>
  <td>仛仛仛仚仚</td>
</tr>

<tr>
  <td>僒僀僘</td>
  <td>俙係</td>
</tr>

</tbody>
</table>
<p>夝摎丒夝愢晅偒偱偡丅</p>

<!--
<p>媽斉傪偛婓朷偺曽偼<a href=""https://iorishobo.com/?pid=177733917"">儅僀僋儕傾悢妛媽斉</a>偐傜偛峸擖偔偩偝偄丅
</p>
-->","","","","昞帵偟側偄","1","220603","儅僀僋儕傾丂悢妛","嶲峫彂","栤戣廤","婎慴偐傜擖帋懳嶔傑偱丅昗弨揑側栤戣廤偱偡丅","","","","怴昳","","","","","儅僀僋儕傾,悢妛,嫵堢奐敪弌斉","儅僀僋儕傾偺斕攧傪偟偰偄傑偡丅","","宖嵹偡傞","寉尭惻棪愝掕偟側偄","偟側偄","昞宍幃乮僆僾僔儑儞侾偑廲乯"
"41976378","拞妛惗","儅僀僋儕傾","","儅僀僋儕傾 塸岅","https://img17.shop-pro.jp/PA01168/556/product/41976378.jpg","嶌惉偡傞","","","","","","","","","","2100","2100","","","0","嵼屔娗棟偟側偄","","","2004/01/01","00:00:00","","","嶜","10","昞帵偡傞","","4","婎慴偐傜擖帋懳嶔傑偱丅昗弨揑側栤戣廤偱偡丅","婎慴偐傜擖帋懳嶔傑偱丅昗弨揑側栤戣廤偱偡丅
<table border=""0"" width=""250"">
<tbody>
<tr>
  <td>弌斉幮</td>
  <td>嫵堢奐敪弌斉</td>
</tr>

<tr>
  <td>擄堈搙</td>
  <td>仛仛仛仚仚</td>
</tr>


<tr>
  <td>僒僀僘</td>
  <td>俙係</td>
</tr>

</tbody>
</table>
<p>夝摎丒夝愢晅偒偱偡丅</p>

<!--
<p>媽斉傪偛婓朷偺曽偼<a href=""https://iorishobo.com/?pid=177733996"">儅僀僋儕傾塸岅媽斉</a>偐傜偛峸擖偔偩偝偄丅
</p>
-->","","","","昞帵偟側偄","1","220603","儅僀僋儕傾丂塸岅","嶲峫彂","栤戣廤","婎慴偐傜擖帋懳嶔傑偱丅昗弨揑側栤戣廤偱偡丅","","","","怴昳","","","","","儅僀僋儕傾,塸岅,嫵堢奐敪弌斉","儅僀僋儕傾偺斕攧傪偟偰偄傑偡丅","","宖嵹偡傞","寉尭惻棪愝掕偟側偄","偟側偄","昞宍幃乮僆僾僔儑儞侾偑廲乯"
"41976379","拞妛惗","儅僀僋儕傾","","儅僀僋儕傾 崙岅","https://img17.shop-pro.jp/PA01168/556/product/41976379.jpg","嶌惉偡傞","","","","","","","","","","2100","2100","","","0","嵼屔娗棟偟側偄","","","2004/01/01","00:00:00","","","嶜","10","昞帵偡傞","","4","婎慴偐傜擖帋懳嶔傑偱丅昗弨揑側栤戣廤偱偡丅","婎慴偐傜擖帋懳嶔傑偱丅昗弨揑側栤戣廤偱偡丅
<table border=""0"" width=""250"">
<tbody>
<tr>
  <td>弌斉幮</td>
  <td>嫵堢奐敪弌斉</td>
</tr>

<tr>
  <td>擄堈搙</td>
  <td>仛仛仛仚仚</td>
</tr>


<tr>
  <td>僒僀僘</td>
  <td>俙係</td>
</tr>

</tbody>
</table>
<p>夝摎丒夝愢晅偒偱偡丅</p>
<p>媽斉傪偛婓朷偺曽偼<a href=""https://iorishobo.com/?pid=177734161"">儅僀僋儕傾崙岅媽斉</a>偐傜偛峸擖偔偩偝偄丅
</p>
<!--

-->","","","","昞帵偟側偄","1","220603","儅僀僋儕傾丂崙岅","嶲峫彂","栤戣廤","婎慴偐傜擖帋懳嶔傑偱丅昗弨揑側栤戣廤偱偡丅","","","","怴昳","","","","","儅僀僋儕傾,崙岅,嫵堢奐敪弌斉","儅僀僋儕傾偺斕攧傪偟偰偄傑偡丅","","宖嵹偡傞","寉尭惻棪愝掕偟側偄","偟側偄","昞宍幃乮僆僾僔儑儞侾偑廲乯"
"41976381","拞妛惗","儅僀僋儕傾","","儅僀僋儕傾 棟壢","https://img17.shop-pro.jp/PA01168/556/product/41976381.png","嶌惉偡傞","","","","","","","","","","2200","2200","","","0","嵼屔娗棟偟側偄","","","2004/01/01","00:00:00","","","嶜","10","昞帵偡傞","","4","婎慴偐傜擖帋懳嶔傑偱丅昗弨揑側栤戣廤偱偡丅","婎慴偐傜擖帋懳嶔傑偱丅昗弨揑側栤戣廤偱偡丅
<table border=""0"" width=""250"">
<tbody>

<tr>
  <td>弌斉幮</td>
  <td>嫵堢奐敪弌斉</td>
</tr>

<tr>
  <td>擄堈搙</td>
  <td>仛仛仛仚仚</td>
</tr>

<tr>
  <td>僒僀僘</td>
  <td>俙係</td>
</tr>

</tbody>
</table>

<p>夝摎丒夝愢晅偒偱偡丅</p>

<!--
<p>媽斉傪偛婓朷偺曽偼<a href=""https://iorishobo.com/?pid=177734199"">儅僀僋儕傾棟壢媽斉</a>偐傜偛峸擖偔偩偝偄丅
</p>
-->
","","","","昞帵偟側偄","1","220603","儅僀僋儕傾丂棟壢","嶲峫彂","栤戣廤","婎慴偐傜擖帋懳嶔傑偱丅昗弨揑側栤戣廤偱偡丅","","","","怴昳","","","","","儅僀僋儕傾,棟壢,嫵堢奐敪弌斉","儅僀僋儕傾偺斕攧傪偟偰偄傑偡丅","","宖嵹偡傞","寉尭惻棪愝掕偟側偄","偟側偄","昞宍幃乮僆僾僔儑儞侾偑廲乯"
"41976382","拞妛惗","儅僀僋儕傾","","儅僀僋儕傾 幮夛","https://img17.shop-pro.jp/PA01168/556/product/41976382.png","嶌惉偡傞","","","","","","","","","","2200","2200","","","0","嵼屔娗棟偟側偄","","","2004/01/01","00:00:00","","","嶜","10","昞帵偡傞","","4","婎慴偐傜擖帋懳嶔傑偱丅昗弨揑側栤戣廤偱偡丅","婎慴偐傜擖帋懳嶔傑偱丅昗弨揑側栤戣廤偱偡丅
<table border=""0"" width=""250"">
<tbody>
<tr>
  <td>弌斉幮</td>
  <td>嫵堢奐敪弌斉</td>
</tr>

<tr>
  <td>擄堈搙</td>
  <td>仛仛仛仚仚</td>
</tr>

<tr>
  <td>僒僀僘</td>
  <td>俙係</td>
</tr>

</tbody>
</table>
<p>夝摎丒夝愢晅偒偱偡丅</p>

<!--
<p>媽斉傪偛婓朷偺曽偼<a href=""https://iorishobo.com/?pid=177734243"">儅僀僋儕傾幮夛媽斉</a>偐傜偛峸擖偔偩偝偄丅
</p>
-->


","","","","昞帵偟側偄","1","220603","儅僀僋儕傾丂幮夛","嶲峫彂","栤戣廤","婎慴偐傜擖帋懳嶔傑偱丅昗弨揑側栤戣廤偱偡丅","","","","怴昳","","","","","儅僀僋儕傾,幮夛,嫵堢奐敪弌斉","儅僀僋儕傾偺斕攧傪偟偰偄傑偡丅","","宖嵹偡傞","寉尭惻棪愝掕偟側偄","偟側偄","昞宍幃乮僆僾僔儑儞侾偑廲乯"
"177733917","拞妛惗","儅僀僋儕傾","","儅僀僋儕傾 悢妛 (媽斉)","https://img17.shop-pro.jp/PA01168/556/product/177733917.jpg","嶌惉偟側偄","","","","","","","","","","1400","1400","","","0","嵼屔娗棟偡傞","","","2004/01/01","00:00:00","","","嶜","10","昞帵偡傞","","4","婎慴偐傜擖帋懳嶔傑偱丅昗弨揑側栤戣廤偱偡丅","婎慴偐傜擖帋懳嶔傑偱丅昗弨揑側栤戣廤偱偡丅
<table border=""0"" width=""250"">
<tbody>
<tr>
  <td>弌斉幮</td>
  <td>嫵堢奐敪弌斉</td>
</tr>

<tr>
  <td>擄堈搙</td>
  <td>仛仛仛仚仚</td>
</tr>



<tr>
  <td>僒僀僘</td>
  <td>俙係</td>
</tr>

</tbody>
</table>
<p>夝摎丒夝愢晅偒偱偡丅</p>
<p>
亙偍抦傜偣亜<br>
杮彜昳偼2024擭搙偵夵掶偝傟傑偟偨偑丄杮彜昳偼夵掶慜偺彜昳偱偡丅<br>
妛廗巜摫梫椞曄峏偵傛傞夵掶偱偼側偄偨傔丄2024擭搙偱傕巊梡偱偒傑偡丅<br>
嵼屔偑側偔側傝師戞丄斕攧傪廔椆偄偨偟傑偡偺偱丄梊傔偛椆彸偔偩偝偄丅
</p>
<p>怴斉偛婓朷偺曽偼<a href=""https://iorishobo.com/?pid=41976377"">儅僀僋儕傾悢妛怴斉</a>偐傜偛峸擖偔偩偝偄丅
</p>","","","","昞帵偟側偄","1","220603","儅僀僋儕傾丂悢妛","嶲峫彂","栤戣廤","婎慴偐傜擖帋懳嶔傑偱丅昗弨揑側栤戣廤偱偡丅","","","","怴昳","","","","","儅僀僋儕傾,悢妛,嫵堢奐敪弌斉","儅僀僋儕傾偺斕攧傪偟偰偄傑偡丅","","宖嵹偟側偄","寉尭惻棪愝掕偟側偄","偟側偄","昞宍幃乮僆僾僔儑儞侾偑廲乯"
"177733996","拞妛惗","儅僀僋儕傾","","儅僀僋儕傾 塸岅 (媽斉)","https://img17.shop-pro.jp/PA01168/556/product/177733996.jpg","嶌惉偟側偄","","","","","","","","","","1400","1400","","","0","嵼屔娗棟偡傞","","","2004/01/01","00:00:00","","","嶜","10","昞帵偡傞","","4","婎慴偐傜擖帋懳嶔傑偱丅昗弨揑側栤戣廤偱偡丅","婎慴偐傜擖帋懳嶔傑偱丅昗弨揑側栤戣廤偱偡丅
<table border=""0"" width=""250"">
<tbody>
<tr>
  <td>弌斉幮</td>
  <td>嫵堢奐敪弌斉</td>
</tr>

<tr>
  <td>擄堈搙</td>
  <td>仛仛仛仚仚</td>
</tr>


<tr>
  <td>僒僀僘</td>
  <td>俙係</td>
</tr>

</tbody>
</table>
<p>夝摎丒夝愢晅偒偱偡丅</p>
<p>
乽儅僀僋儕傾塸岅侾擭乿乽儅僀僋儕傾塸岅俀擭乿偺昞巻偵偼乽Second Edition乿偺昞婰偑偁傝傑偡丅
</p>

<p>
亙偍抦傜偣亜<br>
杮彜昳偼2024擭搙偵夵掶偝傟傑偟偨偑丄杮彜昳偼夵掶慜偺彜昳偱偡丅<br>
妛廗巜摫梫椞曄峏偵傛傞夵掶偱偼側偄偨傔丄2024擭搙偱傕巊梡偱偒傑偡丅<br>
嵼屔偑側偔側傝師戞丄斕攧傪廔椆偄偨偟傑偡偺偱丄梊傔偛椆彸偔偩偝偄丅
</p>
<p>怴斉偛婓朷偺曽偼<a href=""https://iorishobo.com/?pid=41976378"">儅僀僋儕傾塸岅怴斉</a>偐傜偛峸擖偔偩偝偄丅
</p>","","","","昞帵偟側偄","1","220603","儅僀僋儕傾丂塸岅","嶲峫彂","栤戣廤","婎慴偐傜擖帋懳嶔傑偱丅昗弨揑側栤戣廤偱偡丅","","","","怴昳","","","","","儅僀僋儕傾,塸岅,嫵堢奐敪弌斉","儅僀僋儕傾偺斕攧傪偟偰偄傑偡丅","","宖嵹偟側偄","寉尭惻棪愝掕偟側偄","偟側偄","昞宍幃乮僆僾僔儑儞侾偑廲乯"
"177734161","拞妛惗","儅僀僋儕傾","","儅僀僋儕傾 崙岅 (媽斉)","https://img17.shop-pro.jp/PA01168/556/product/177734161.jpg","嶌惉偟側偄","","","","","","","","","","1000","1000","","","0","嵼屔娗棟偡傞","","","2004/01/01","00:00:00","","","嶜","10","昞帵偡傞","","4","婎慴偐傜擖帋懳嶔傑偱丅昗弨揑側栤戣廤偱偡丅","婎慴偐傜擖帋懳嶔傑偱丅昗弨揑側栤戣廤偱偡丅
<table border=""0"" width=""250"">
<tbody>
<tr>
  <td>弌斉幮</td>
  <td>嫵堢奐敪弌斉</td>
</tr>

<tr>
  <td>擄堈搙</td>
  <td>仛仛仛仚仚</td>
</tr>


<tr>
  <td>僒僀僘</td>
  <td>俙係</td>
</tr>

</tbody>
</table>
<p>夝摎丒夝愢晅偒偱偡丅</p>
<p>
亙偍抦傜偣亜<br>
杮彜昳偼2024擭搙偵夵掶偝傟傑偟偨偑丄杮彜昳偼夵掶慜偺彜昳偱偡丅<br>
妛廗巜摫梫椞曄峏偵傛傞夵掶偱偼側偄偨傔丄2024擭搙偱傕巊梡偱偒傑偡丅<br>
嵼屔偑側偔側傝師戞丄斕攧傪廔椆偄偨偟傑偡偺偱丄梊傔偛椆彸偔偩偝偄丅
</p>
<p>怴斉偛婓朷偺曽偼<a href=""https://iorishobo.com/?pid=41976379"">儅僀僋儕傾崙岅怴斉</a>偐傜偛峸擖偔偩偝偄丅
</p>

","","","","昞帵偟側偄","1","220603","儅僀僋儕傾丂崙岅","嶲峫彂","栤戣廤","婎慴偐傜擖帋懳嶔傑偱丅昗弨揑側栤戣廤偱偡丅","","","","怴昳","","","","","儅僀僋儕傾,崙岅,嫵堢奐敪弌斉","儅僀僋儕傾偺斕攧傪偟偰偄傑偡丅","","宖嵹偡傞","寉尭惻棪愝掕偟側偄","偟側偄","昞宍幃乮僆僾僔儑儞侾偑廲乯"
"177734199","拞妛惗","儅僀僋儕傾","","儅僀僋儕傾 棟壢 (媽斉)","https://img17.shop-pro.jp/PA01168/556/product/177734199.jpg","嶌惉偟側偄","","","","","","","","","","2100","2100","","","0","嵼屔娗棟偡傞","","","2004/01/01","00:00:00","","","嶜","10","昞帵偡傞","","4","婎慴偐傜擖帋懳嶔傑偱丅昗弨揑側栤戣廤偱偡丅","婎慴偐傜擖帋懳嶔傑偱丅昗弨揑側栤戣廤偱偡丅
<table border=""0"" width=""250"">
<tbody>

<tr>
  <td>弌斉幮</td>
  <td>嫵堢奐敪弌斉</td>
</tr>

<tr>
  <td>擄堈搙</td>
  <td>仛仛仛仚仚</td>
</tr>

<tr>
  <td>僒僀僘</td>
  <td>俙係</td>
</tr>

</tbody>
</table>
<p>夝摎丒夝愢晅偒偱偡丅</p>
<br>
<p>
亙偍抦傜偣亜<br>
杮彜昳偼2024擭搙偵夵掶偝傟傑偟偨偑丄杮彜昳偼夵掶慜偺彜昳偱偡丅<br>
妛廗巜摫梫椞曄峏偵傛傞夵掶偱偼側偄偨傔丄2024擭搙偱傕巊梡偱偒傑偡丅<br>
嵼屔偑側偔側傝師戞丄斕攧傪廔椆偄偨偟傑偡偺偱丄梊傔偛椆彸偔偩偝偄丅
</p>
<p>怴斉偛婓朷偺曽偼<a href=""https://iorishobo.com/?pid=41976381"">儅僀僋儕傾棟壢怴斉</a>偐傜偛峸擖偔偩偝偄丅
</p>
","","","","昞帵偟側偄","1","220603","儅僀僋儕傾丂棟壢","嶲峫彂","栤戣廤","婎慴偐傜擖帋懳嶔傑偱丅昗弨揑側栤戣廤偱偡丅","","","","怴昳","","","","","儅僀僋儕傾,棟壢,嫵堢奐敪弌斉","儅僀僋儕傾偺斕攧傪偟偰偄傑偡丅","","宖嵹偟側偄","寉尭惻棪愝掕偟側偄","偟側偄","昞宍幃乮僆僾僔儑儞侾偑廲乯"
"177734243","拞妛惗","儅僀僋儕傾","","儅僀僋儕傾 幮夛 (媽斉)","https://img17.shop-pro.jp/PA01168/556/product/177734243.jpg","嶌惉偟側偄","","","","","","","","","","2100","2100","","","0","嵼屔娗棟偡傞","","","2004/01/01","00:00:00","","","嶜","10","昞帵偡傞","","4","婎慴偐傜擖帋懳嶔傑偱丅昗弨揑側栤戣廤偱偡丅","婎慴偐傜擖帋懳嶔傑偱丅昗弨揑側栤戣廤偱偡丅
<table border=""0"" width=""250"">
<tbody>
<tr>
  <td>弌斉幮</td>
  <td>嫵堢奐敪弌斉</td>
</tr>

<tr>
  <td>擄堈搙</td>
  <td>仛仛仛仚仚</td>
</tr>

<tr>
  <td>僒僀僘</td>
  <td>俙係</td>
</tr>

</tbody>
</table>
<p>夝摎丒夝愢晅偒偱偡丅</p>
<br>
<p>
亙偍抦傜偣亜<br>
杮彜昳偼2024擭搙偵夵掶偝傟傑偟偨偑丄杮彜昳偼夵掶慜偺彜昳偱偡丅<br>
妛廗巜摫梫椞曄峏偵傛傞夵掶偱偼側偄偨傔丄2024擭搙偱傕巊梡偱偒傑偡丅<br>
嵼屔偑側偔側傝師戞丄斕攧傪廔椆偄偨偟傑偡偺偱丄梊傔偛椆彸偔偩偝偄丅
</p>
<p>怴斉偛婓朷偺曽偼<a href=""https://iorishobo.com/?pid=41976382"">儅僀僋儕傾幮夛怴斉</a>偐傜偛峸擖偔偩偝偄丅
</p>
","","","","昞帵偟側偄","1","220603","儅僀僋儕傾丂幮夛","嶲峫彂","栤戣廤","婎慴偐傜擖帋懳嶔傑偱丅昗弨揑側栤戣廤偱偡丅","","","","怴昳","","","","","儅僀僋儕傾,幮夛,嫵堢奐敪弌斉","儅僀僋儕傾偺斕攧傪偟偰偄傑偡丅","","宖嵹偟側偄","寉尭惻棪愝掕偟側偄","偟側偄","昞宍幃乮僆僾僔儑儞侾偑廲乯"
"62316662","拞妛惗","拞妛悢BEKI","","拞妛悢BEKI","https://img17.shop-pro.jp/PA01168/556/product/62316662.jpg","嶌惉偡傞","","","","","","","","","","1800","1800","","","0","嵼屔娗棟偟側偄","","","2001/01/01","12:00:00","","","嶜","10","昞帵偡傞","","6","拞妛悢妛傪戙悢暘栰偲婔壗暘栰偵暘妱偟偰妛廗偟傑偡丅","拞妛悢妛傪戙悢暘栰偲婔壗暘栰偵暘妱偟偰妛廗偟傑偡丅
<table border=""0"" width=""250"">
<tbody>

<tr>
  <td>弌斉幮</td>
  <td>嫵堢奐敪弌斉</td>
</tr>

<tr>
  <td>擄堈搙</td>
  <td>仛仛仛仛仚</td>
</tr>

<tr>
  <td>僒僀僘</td>
  <td>俛俆</td>
</tr>

</tbody>
</table>
<p>夝摎丒夝愢晅偒偱偡丅</p>

<br/>
亙撪梕亜<br/ >

乽戙悢1乿<br/>
惓晧偺悢丆幃偺寁嶼丆曽掱幃丆晄摍幃丆斾椺偲斀斾椺丆侾師娭悢<br/>
<br/>

乽戙悢2乿<br/>
幃偺寁嶼偲場悢暘夝丆暯曽崻丆俀師曽掱幃丆俀師娭悢(y=ax^2)丆僨乕僞偺妶梡丆妋棪偲昗杮挷嵏丆惍悢<br/ >
<br/>

乽婔壗1乿<br/>
暯柺恾宍丆嬻娫恾宍丆恾宍偲崌摨丆嶰妏宍偲巐妏宍<br/ >
<br/ >


乽婔壗2乿<br/ >
憡帡丆慄暘偺斾偲寁検丒嶰妏宍偺屲怱丒僠僃僶丒儊僱儔僂僗偺掕棟丆墌丆嶰暯曽偺掕棟丆婳愓丒嶌恾<br/ >
<br>

","","","","昞帵偟側偄","","","","","","","","","","怴昳","","","","","拞妛悢BEKI,悢妛,嫵堢奐敪弌斉","拞妛悢BEKI偺斕攧傪偟偰偄傑偡丅","","宖嵹偡傞","寉尭惻棪愝掕偟側偄","偟側偄","昞宍幃乮僆僾僔儑儞侾偑廲乯"
"91282962","拞妛惗","娍帤楙廗挔(拞妛峑曇)","","娍帤楙廗挔(拞妛峑曇)","https://img17.shop-pro.jp/PA01168/556/product/91282962.jpg","嶌惉偡傞","","","","","","","","","","850","850","","","1","嵼屔娗棟偟側偄","","","2004/01/01","10:00:00","","","嶜","10","","","15","拞妛惗梡偺娍帤偺楙廗挔偱偡丅","<p>丂4媺乣敧抜傑偱偵暘偐傟偰偄傑偡丅<br/>
丂4媺乣1媺偼暅廗梡偲偟偰彫妛峑5丒6擭惗偺娍帤偺栤戣(384帤)偑廂榐偝傟偰偄傑偡丅<br>
丂弶抜乣敧抜偼拞妛峑偺娍帤偺栤戣(1110帤)偑廂榐偝傟偰偄傑偡丅
</p>
<br/>
<table border=""0"" width=""250"">
<tbody>

<tr>
  <td>弌斉幮</td>
  <td>嫵堢奐敪弌斉</td>
</tr>

<tr>
  <td>僒僀僘</td>
  <td>俙俆</td>
</tr>
</tbody>
</table>
","","","","昞帵偟側偄","","","","","","","","","","怴昳","","","","","","","","宖嵹偡傞","寉尭惻棪愝掕偟側偄","偟側偄","昞宍幃乮僆僾僔儑儞侾偑廲乯"
"56180063","拞妛惗","Key儚乕僋","","Key儚乕僋 悢妛","https://img17.shop-pro.jp/PA01168/556/product/56180063.png","嶌惉偡傞","","","","","","","","","","2000","2000","","","0","嵼屔娗棟偟側偄","","","2001/01/01","12:00:00","","","嶜","10","","","100","","嫵壢彂偺撪梕偵懄偟偨嫵壢彂弨嫆栤戣廤偱偡丅
<table border=""0"" width=""250"">
<tbody>
<tr>
  <td>弌斉幮</td>
  <td>嫵堢奐敪弌斉</td>
</tr>

<tr>
  <td>擄堈搙</td>
  <td>仛仛仛仚仚</td>
</tr>

<tr>
  <td>僒僀僘</td>
  <td>俙係</td>
</tr>

</tbody>
</table>
<p>夝摎丒夝愢晅偒偱偡丅</p>
<br>
摉揦偱斕攧偱偒傞悢妛偺嫵壢彂弨嫆偼乽搶嫗彂愋乿偲乽孾椦娰乿偱偡丅乽嫟捠乿偺斕攧偼偄偨偟偐偹傑偡偺偱偛棟夝偺傎偳偍婅偄怽偟忋偘傑偡丅<br />

<!--
<p>
亙偍抦傜偣亜
杮彜昳偼2025擭搙夵掶偺怴斉偱偡丅侾寧拞偵斕攧奐巒梊掕偱偡丅崱偟偽傜偔偍懸偪壓偝偄丅
</p>
-->


<!--
<p>媽斉傪偛婓朷偺曽偼<a href=""https://iorishobo.com/?pid=184342583"">Key儚乕僋 悢妛媽斉</a>偐傜偛峸擖偔偩偝偄丅
</p>
-->



","","","","昞帵偟側偄","","","","","","","","","","怴昳","","","","","KEY儚乕僋,悢妛,嫵堢奐敪弌斉","Key儚乕僋偺斕攧傪偟偰偄傑偡丅","","宖嵹偡傞","寉尭惻棪愝掕偟側偄","偟側偄","昞宍幃乮僆僾僔儑儞侾偑廲乯"
"67712698","拞妛惗","Key儚乕僋","","Key儚乕僋 塸岅","https://img17.shop-pro.jp/PA01168/556/product/67712698.jpg","嶌惉偡傞","","","","","","","","","","2000","2000","","","0","嵼屔娗棟偟側偄","","","2001/01/01","12:00:00","","","嶜","10","","","100","","嫵壢彂偺撪梕偵懄偟偨嫵壢彂弨嫆栤戣廤偱偡丅
<table border=""0"" width=""250"">
<tbody>
<tr>
  <td>弌斉幮</td>
  <td>嫵堢奐敪弌斉</td>
</tr>

<tr>
  <td>擄堈搙</td>
  <td>仛仛仛仚仚</td>
</tr>

<tr>
  <td>僒僀僘</td>
  <td>俙係</td>
</tr>

</tbody>
</table>
<p>夝摎丒夝愢晅偒偱偡丅</p>
<br/>

<br/>
摉揦偱斕攧偱偒傞塸岅偺嫵壢彂弨嫆偼乽嶰徣摪乿乽搶嫗彂愋乿偱偡丅乽奐棽摪乿乽嫵堢弌斉乿乽岝懞恾彂乿乽妛峑恾彂乿偺斕攧偼偄偨偟偐偹傑偡偺偱偛棟夝偺傎偳偍婅偄怽偟忋偘傑偡丅<br />
<!--
<p>
亙偍抦傜偣亜
杮彜昳偼2025擭搙夵掶偺怴斉偱偡丅侾寧拞偵斕攧奐巒梊掕偱偡丅崱偟偽傜偔偍懸偪壓偝偄丅
</p>
-->
<!--
<p>媽斉傪偛婓朷偺曽偼<a href=""https://iorishobo.com/?pid=184342706"">Key儚乕僋 塸岅媽斉</a>偐傜偛峸擖偔偩偝偄丅
</p>
-->



","","","","昞帵偟側偄","","","","","","","","","","怴昳","","","","","Key儚乕僋,塸岅,嫵堢奐敪弌斉","Key儚乕僋偺斕攧傪偟偰偄傑偡丅","","宖嵹偡傞","寉尭惻棪愝掕偟側偄","偟側偄","昞宍幃乮僆僾僔儑儞侾偑廲乯"
"67724941","拞妛惗","Key儚乕僋","","Key儚乕僋 崙岅","https://img17.shop-pro.jp/PA01168/556/product/67724941.jpg","嶌惉偡傞","","","","","","","","","","2000","2000","","","0","嵼屔娗棟偟側偄","","","2001/01/01","12:00:00","","","嶜","10","","","100","","嫵壢彂偺撪梕偵懄偟偨嫵壢彂弨嫆栤戣廤偱偡丅
<table border=""0"" width=""250"">
<tbody>

<tr>
  <td>弌斉幮</td>
  <td>嫵堢奐敪弌斉</td>
</tr>


<tr>
  <td>擄堈搙</td>
  <td>仛仛仛仚仚</td>
</tr>

<tr>
  <td>僒僀僘</td>
  <td>俙係</td>
</tr>

</tbody>
</table>
<p>夝摎丒夝愢晅偒偱偡丅</p>
<br>

<br>
摉揦偱斕攧偱偒傞崙岅偺嫵壢彂弨嫆偼乽岝懞恾彂乿偲乽搶嫗彂愋乿偱偡丅乽嫵堢弌斉乿乽嶰徣摪乿乽妛峑恾彂乿偺斕攧偼偄偨偟偐偹傑偡偺偱偛棟夝偺傎偳偍婅偄怽偟忋偘傑偡丅<br>
<br>

<!--
<p>
亙偍抦傜偣亜
杮彜昳偼2025擭搙夵掶偺怴斉偱偡丅侾寧拞偵斕攧奐巒梊掕偱偡丅崱偟偽傜偔偍懸偪壓偝偄丅
</p>
-->

<!--
<p>媽斉傪偛婓朷偺曽偼<a href=""https://iorishobo.com/?pid=184342745"">Key儚乕僋 崙岅媽斉</a>偐傜偛峸擖偔偩偝偄丅
</p>
-->
<!--
<p>
亙偍抦傜偣亜<br>
杮彜昳偼2025擭搙夵掶偺怴斉偱偡丅嬤乆斕攧奐巒梊掕偱偡丅崱偟偽傜偔偍懸偪壓偝偄丅
</p>
-->

","","","","昞帵偟側偄","","","","","","","","","","怴昳","","","","","KEY儚乕僋,崙岅,嫵堢奐敪弌斉","Key儚乕僋偺斕攧傪偟偰偄傑偡丅","","宖嵹偡傞","寉尭惻棪愝掕偟側偄","偟側偄","昞宍幃乮僆僾僔儑儞侾偑廲乯"
"67725117","拞妛惗","Key儚乕僋","","Key儚乕僋 棟壢","https://img17.shop-pro.jp/PA01168/556/product/67725117.jpg","嶌惉偡傞","","","","","","","","","","2000","2000","","","0","嵼屔娗棟偟側偄","","","2001/01/01","12:00:00","","","嶜","10","昞帵偡傞","","100","","嫵壢彂偺撪梕偵懄偟偨嫵壢彂弨嫆栤戣廤偱偡丅
<table border=""0"" width=""250"">
<tbody>

<tr>
  <td>弌斉幮</td>
  <td>嫵堢奐敪弌斉</td>
</tr>

<tr>
  <td>擄堈搙</td>
  <td>仛仛仛仚仚</td>
</tr>

<tr>
  <td>僒僀僘</td>
  <td>俙係</td>
</tr>

</tbody>
</table>
<p>夝摎丒夝愢晅偒偱偡丅</p>
<br/>

<br>
摉揦偱斕攧偱偒傞棟壢偺嫵壢彂弨嫆偼乽搶嫗彂愋乿偲乽孾椦娰乿偱偡丅乽戝擔杮恾彂乿乽嫟捠乿偺斕攧偼偄偨偟偐偹傑偡偺偱偛棟夝偺傎偳偍婅偄怽偟忋偘傑偡丅
<br>

<!--
<p>
亙偍抦傜偣亜
杮彜昳偼2025擭搙夵掶偺怴斉偱偡丅侾寧拞偵斕攧奐巒梊掕偱偡丅崱偟偽傜偔偍懸偪壓偝偄丅
</p>
-->
<!--
<p>媽斉傪偛婓朷偺曽偼<a href=""https://iorishobo.com/?pid=184342844"">Key儚乕僋 悢妛媽斉</a>偐傜偛峸擖偔偩偝偄丅
</p>
-->
","","","","昞帵偟側偄","","","","","","","","","","怴昳","","","",""," Key儚乕僋,棟壢,嫵堢奐敪弌斉","Key儚乕僋偺斕攧傪偟偰偄傑偡丅","","宖嵹偡傞","寉尭惻棪愝掕偟側偄","偟側偄","昞宍幃乮僆僾僔儑儞侾偑廲乯"
"67725728","拞妛惗","Key儚乕僋","","Key儚乕僋 幮夛","https://img17.shop-pro.jp/PA01168/556/product/67725728.jpg","嶌惉偡傞","","","","","","","","","","1400","1400","","","0","嵼屔娗棟偟側偄","","","2001/01/01","12:00:00","","","嶜","10","","","100","","嫵壢彂偺撪梕偵懄偟偨嫵壢彂弨嫆栤戣廤偱偡丅
<table border=""0"" width=""250"">
<tbody>
<tr>
  <td>擄堈搙</td>
  <td>仛仛仛仚仚</td>
</tr>

<tr>
  <td>僒僀僘</td>
  <td>俙係</td>
</tr>

</tbody>
</table>
<p>夝摎丒夝愢晅偒偱偡丅</p>
<br/>
仸侾偲俀偺嬫暿偵偮偄偰</br>
乽抧棟乿偲乽楌巎乿偼偦傟偧傟俀嶜偵暘偐傟偰偄傑偡丅
乽抧棟侾乿乽楌巎侾乿偼嫵壢彂偺慜敿丄乽抧棟俀乿乽楌巎俀乿偼嫵壢彂偺屻敿偺撪梕偵側傝傑偡丅

<br>

<br>

摉揦偱斕攧偱偒傞幮夛偺嫵壢彂弨嫆偼乽搶嫗彂愋乿偲乽掗崙彂堾乿偲乽擔杮暥嫵乿偱偡丅乽嫵堢弌斉乿乽堢朡幮乿乽嫟捠乿偺斕攧偼偄偨偟偐偹傑偡偺偱偛棟夝偺傎偳偍婅偄怽偟忋偘傑偡丅
<br>

<!--
<p>
亙偍抦傜偣亜
杮彜昳偼2025擭搙夵掶偺怴斉偱偡丅侾寧拞偵斕攧奐巒梊掕偱偡丅崱偟偽傜偔偍懸偪壓偝偄丅
</p>
-->

<!--
<p>媽斉傪偛婓朷偺曽偼<a href=""https://iorishobo.com/?pid=184342923"">Key儚乕僋 幮夛媽斉</a>偐傜偛峸擖偔偩偝偄丅
</p>
-->
","","","","昞帵偟側偄","","","","","","","","","","怴昳","","","",""," Key儚乕僋,幮夛,抧棟,楌巎,岞柉,嫵堢奐敪弌斉","Key儚乕僋偺斕攧傪偟偰偄傑偡丅","","宖嵹偡傞","寉尭惻棪愝掕偟側偄","偟側偄","昞宍幃乮僆僾僔儑儞侾偑廲乯"
"184342583","拞妛惗","Key儚乕僋","","Key儚乕僋 悢妛 (媽斉)","https://img17.shop-pro.jp/PA01168/556/product/184342583.jpg","嶌惉偟側偄","","","","","","","","","","1900","1900","","","0","嵼屔娗棟偡傞","","","2001/01/01","12:00:00","","","嶜","10","昞帵偟側偄","","100","","嫵壢彂偺撪梕偵懄偟偨嫵壢彂弨嫆栤戣廤偱偡丅
<table border=""0"" width=""250"">
<tbody>
<tr>
  <td>弌斉幮</td>
  <td>嫵堢奐敪弌斉</td>
</tr>

<tr>
  <td>擄堈搙</td>
  <td>仛仛仛仚仚</td>
</tr>

<tr>
  <td>僒僀僘</td>
  <td>俙係</td>
</tr>

</tbody>
</table>
<p>夝摎丒夝愢晅偒偱偡丅</p>
<br>
摉揦偱斕攧偱偒傞悢妛偺嫵壢彂弨嫆偼乽搶嫗彂愋乿偲乽孾椦娰乿偱偡丅乽嫟捠乿偺斕攧偼偄偨偟偐偹傑偡偺偱偛棟夝偺傎偳偍婅偄怽偟忋偘傑偡丅<br />

<p>
亙偍抦傜偣亜<br>
杮彜昳偼2025擭搙偵夵掶偝傟傑偟偨偑丄杮彜昳偼夵掶慜偺彜昳偱偡丅<br>
嵼屔偑側偔側傝師戞丄斕攧傪廔椆偄偨偟傑偡偺偱丄梊傔偛椆彸偔偩偝偄丅
</p>
<p>怴斉偛婓朷偺曽偼<a href=""https://iorishobo.com/?pid=56180063"">Key儚乕僋悢妛怴斉</a>偐傜偛峸擖偔偩偝偄丅
</p>

","","","","昞帵偟側偄","","","","","","","","","","怴昳","","","","","KEY儚乕僋,悢妛,嫵堢奐敪弌斉","Key儚乕僋偺斕攧傪偟偰偄傑偡丅","","宖嵹偟側偄","寉尭惻棪愝掕偟側偄","偟側偄","昞宍幃乮僆僾僔儑儞侾偑廲乯"
"184342706","拞妛惗","Key儚乕僋","","Key儚乕僋 塸岅 (媽斉)","https://img17.shop-pro.jp/PA01168/556/product/184342706.jpg","嶌惉偟側偄","","","","","","","","","","500","500","","","0","嵼屔娗棟偡傞","","","2001/01/01","12:00:00","","","嶜","10","昞帵偟側偄","","100","","嫵壢彂偺撪梕偵懄偟偨嫵壢彂弨嫆栤戣廤偱偡丅
<table border=""0"" width=""250"">
<tbody>
<tr>
  <td>弌斉幮</td>
  <td>嫵堢奐敪弌斉</td>
</tr>

<tr>
  <td>擄堈搙</td>
  <td>仛仛仛仚仚</td>
</tr>

<tr>
  <td>僒僀僘</td>
  <td>俙係</td>
</tr>

</tbody>
</table>
<p>夝摎丒夝愢晅偒偱偡丅</p>
<br/>

<br/>
摉揦偱斕攧偱偒傞塸岅偺嫵壢彂弨嫆偼乽嶰徣摪乿乽搶嫗彂愋乿偱偡丅乽奐棽摪乿乽嫵堢弌斉乿乽岝懞恾彂乿乽妛峑恾彂乿偺斕攧偼偄偨偟偐偹傑偡偺偱偛棟夝偺傎偳偍婅偄怽偟忋偘傑偡丅<br />
<p>
亙偍抦傜偣亜<br>
杮彜昳偼2025擭搙偵夵掶偝傟傑偟偨偑丄杮彜昳偼夵掶慜偺彜昳偱偡丅<br>
嵼屔偑側偔側傝師戞丄斕攧傪廔椆偄偨偟傑偡偺偱丄梊傔偛椆彸偔偩偝偄丅
</p>
<p>怴斉偛婓朷偺曽偼<a href=""https://iorishobo.com/?pid=67712698"">Key儚乕僋塸岅怴斉</a>偐傜偛峸擖偔偩偝偄丅
</p>



","","","","昞帵偟側偄","","","","","","","","","","怴昳","","","","","Key儚乕僋,塸岅,嫵堢奐敪弌斉","Key儚乕僋偺斕攧傪偟偰偄傑偡丅","","宖嵹偡傞","寉尭惻棪愝掕偟側偄","偟側偄","昞宍幃乮僆僾僔儑儞侾偑廲乯"
"184342745","拞妛惗","Key儚乕僋","","Key儚乕僋 崙岅 (媽斉)","https://img17.shop-pro.jp/PA01168/556/product/184342745.jpg","嶌惉偟側偄","","","","","","","","","","500","500","","","0","嵼屔娗棟偡傞","","","2001/01/01","12:00:00","","","嶜","10","昞帵偟側偄","","100","","嫵壢彂偺撪梕偵懄偟偨嫵壢彂弨嫆栤戣廤偱偡丅
<table border=""0"" width=""250"">
<tbody>

<tr>
  <td>弌斉幮</td>
  <td>嫵堢奐敪弌斉</td>
</tr>


<tr>
  <td>擄堈搙</td>
  <td>仛仛仛仚仚</td>
</tr>

<tr>
  <td>僒僀僘</td>
  <td>俙係</td>
</tr>

</tbody>
</table>
<p>夝摎丒夝愢晅偒偱偡丅</p>
<br>

<br />
摉揦偱斕攧偱偒傞崙岅偺嫵壢彂弨嫆偼乽岝懞恾彂乿偲乽搶嫗彂愋乿偱偡丅乽嫵堢弌斉乿乽嶰徣摪乿乽妛峑恾彂乿偺斕攧偼偄偨偟偐偹傑偡偺偱偛棟夝偺傎偳偍婅偄怽偟忋偘傑偡丅<br />
<br>

<p>
亙偍抦傜偣亜<br>
杮彜昳偼2025擭搙偵夵掶偝傟傑偟偨偑丄杮彜昳偼夵掶慜偺彜昳偱偡丅<br>
嵼屔偑側偔側傝師戞丄斕攧傪廔椆偄偨偟傑偡偺偱丄梊傔偛椆彸偔偩偝偄丅
</p>
<p>怴斉偛婓朷偺曽偼<a href=""https://iorishobo.com/?pid=67724941"">Key儚乕僋崙岅怴斉</a>偐傜偛峸擖偔偩偝偄丅
</p>
","","","","昞帵偟側偄","","","","","","","","","","怴昳","","","","","KEY儚乕僋,崙岅,嫵堢奐敪弌斉","Key儚乕僋偺斕攧傪偟偰偄傑偡丅","","宖嵹偡傞","寉尭惻棪愝掕偟側偄","偟側偄","昞宍幃乮僆僾僔儑儞侾偑廲乯"
"184342844","拞妛惗","Key儚乕僋","","Key儚乕僋 棟壢 (媽斉)","https://img17.shop-pro.jp/PA01168/556/product/184342844.jpg","嶌惉偟側偄","","","","","","","","","","1900","1900","","","","嵼屔娗棟偡傞","","","2001/01/01","12:00:00","","","嶜","10","昞帵偟側偄","","100","","嫵壢彂偺撪梕偵懄偟偨嫵壢彂弨嫆栤戣廤偱偡丅
<table border=""0"" width=""250"">
<tbody>

<tr>
  <td>弌斉幮</td>
  <td>嫵堢奐敪弌斉</td>
</tr>

<tr>
  <td>擄堈搙</td>
  <td>仛仛仛仚仚</td>
</tr>

<tr>
  <td>僒僀僘</td>
  <td>俙係</td>
</tr>

</tbody>
</table>
<p>夝摎丒夝愢晅偒偱偡丅</p>
<br/>

<br>
摉揦偱斕攧偱偒傞棟壢偺嫵壢彂弨嫆偼乽搶嫗彂愋乿偲乽孾椦娰乿偱偡丅乽戝擔杮恾彂乿乽嫟捠乿偺斕攧偼偄偨偟偐偹傑偡偺偱偛棟夝偺傎偳偍婅偄怽偟忋偘傑偡丅
<br>
<p>
亙偍抦傜偣亜<br>
杮彜昳偼2025擭搙偵夵掶偝傟傑偟偨偑丄杮彜昳偼夵掶慜偺彜昳偱偡丅<br>
嵼屔偑側偔側傝師戞丄斕攧傪廔椆偄偨偟傑偡偺偱丄梊傔偛椆彸偔偩偝偄丅
</p>
<p>怴斉偛婓朷偺曽偼<a href=""https://iorishobo.com/?pid=67725117"">Key儚乕僋棟壢怴斉</a>偐傜偛峸擖偔偩偝偄丅
</p>
","","","","昞帵偟側偄","","","","","","","","","","怴昳","","","",""," Key儚乕僋,棟壢,嫵堢奐敪弌斉","Key儚乕僋偺斕攧傪偟偰偄傑偡丅","","宖嵹偟側偄","寉尭惻棪愝掕偟側偄","偟側偄","昞宍幃乮僆僾僔儑儞侾偑廲乯"
"184342923","拞妛惗","Key儚乕僋","","Key儚乕僋 幮夛 (媽斉)","https://img17.shop-pro.jp/PA01168/556/product/184342923.jpg","嶌惉偟側偄","","","","","","","","","","1900","1900","","","","嵼屔娗棟偡傞","","","2001/01/01","12:00:00","","","嶜","10","昞帵偟側偄","","100","","嫵壢彂偺撪梕偵懄偟偨嫵壢彂弨嫆栤戣廤偱偡丅
<table border=""0"" width=""250"">
<tbody>
<tr>
  <td>擄堈搙</td>
  <td>仛仛仛仚仚</td>
</tr>

<tr>
  <td>僒僀僘</td>
  <td>俙係</td>
</tr>

</tbody>
</table>
<p>夝摎丒夝愢晅偒偱偡丅</p>
<br/>
仸侾偲俀偺嬫暿偵偮偄偰</br>
乽抧棟乿偲乽楌巎乿偼偦傟偧傟俀嶜偵暘偐傟偰偄傑偡丅
乽抧棟侾乿乽楌巎侾乿偼嫵壢彂偺慜敿丄乽抧棟俀乿乽楌巎俀乿偼嫵壢彂偺屻敿偺撪梕偵側傝傑偡丅

<br>

<br>

摉揦偱斕攧偱偒傞幮夛偺嫵壢彂弨嫆偼乽搶嫗彂愋乿偲乽掗崙彂堾乿偱偡丅乽擔杮暥嫵乿乽嫵堢弌斉乿乽堢朡幮乿乽嫟捠乿偺斕攧偼偄偨偟偐偹傑偡偺偱偛棟夝偺傎偳偍婅偄怽偟忋偘傑偡丅
<br>

<p>
亙偍抦傜偣亜<br>
杮彜昳偼2025擭搙偵夵掶偝傟傑偟偨偑丄杮彜昳偼夵掶慜偺彜昳偱偡丅<br>
嵼屔偑側偔側傝師戞丄斕攧傪廔椆偄偨偟傑偡偺偱丄梊傔偛椆彸偔偩偝偄丅
</p>
<p>怴斉偛婓朷偺曽偼<a href=""https://iorishobo.com/?pid=67725728"">Key儚乕僋幮夛怴斉</a>偐傜偛峸擖偔偩偝偄丅
</p>

","","","","昞帵偟側偄","","","","","","","","","","怴昳","","","",""," Key儚乕僋,幮夛,抧棟,楌巎,岞柉,嫵堢奐敪弌斉","Key儚乕僋偺斕攧傪偟偰偄傑偡丅","","宖嵹偟側偄","寉尭惻棪愝掕偟側偄","偟側偄","昞宍幃乮僆僾僔儑儞侾偑廲乯"
"186569090","拞妛惗","Key儚乕僋","","Key儚乕僋 塸岅丂栿偁傝昳","","嶌惉偟側偄","","","","","","","","","","1800","1800","","","0","嵼屔娗棟偡傞","","","2001/01/01","12:00:00","","","嶜","10","","","100","","嫵壢彂偺撪梕偵懄偟偨嫵壢彂弨嫆栤戣廤偱偡丅
忋偺晹暘偵僀儞僋偺愼傒偑偁傞偨傔丄栿偁傝昳偲側偭偰偍傝傑偡丅
<table border=""0"" width=""250"">
<tbody>
<tr>
  <td>弌斉幮</td>
  <td>嫵堢奐敪弌斉</td>
</tr>

<tr>
  <td>擄堈搙</td>
  <td>仛仛仛仚仚</td>
</tr>

<tr>
  <td>僒僀僘</td>
  <td>俙係</td>
</tr>

</tbody>
</table>
<p>夝摎丒夝愢晅偒偱偡丅</p>
<br/>

<br/>
摉揦偱斕攧偱偒傞塸岅偺嫵壢彂弨嫆偼乽嶰徣摪乿乽搶嫗彂愋乿偱偡丅乽奐棽摪乿乽嫵堢弌斉乿乽岝懞恾彂乿乽妛峑恾彂乿偺斕攧偼偄偨偟偐偹傑偡偺偱偛棟夝偺傎偳偍婅偄怽偟忋偘傑偡丅<br />
<p>捠忢偺彜昳偼<a href=""https://iorishobo.com/?pid=67712698"">偙偪傜</a></p>
<!--
<p>
亙偍抦傜偣亜
杮彜昳偼2025擭搙夵掶偺怴斉偱偡丅侾寧拞偵斕攧奐巒梊掕偱偡丅崱偟偽傜偔偍懸偪壓偝偄丅
</p>
-->
<!--
<p>媽斉傪偛婓朷偺曽偼<a href=""https://iorishobo.com/?pid=184342706"">Key儚乕僋 塸岅媽斉</a>偐傜偛峸擖偔偩偝偄丅
</p>
-->
<p>
亙偍抦傜偣亜<br>
杮彜昳偼2025擭搙夵掶偺怴斉偱偡丅媽斉偺斕攧偼廔椆偄偨偟傑偟偨丅
</p>


","","","","昞帵偟側偄","","","","","","","","","","怴昳","","","","","Key儚乕僋,塸岅,嫵堢奐敪弌斉","Key儚乕僋偺斕攧傪偟偰偄傑偡丅","","宖嵹偟側偄","寉尭惻棪愝掕偟側偄","偟側偄","昞宍幃乮僆僾僔儑儞侾偑廲乯"
"41976404","崅峑惗","崅峑儕乕僪栤戣廤","","崅峑儕乕僪栤戣廤 塸岅","https://img17.shop-pro.jp/PA01168/556/product/41976404.jpg","嶌惉偡傞","https://img17.shop-pro.jp/PA01168/556/product/41976404_o1.jpg","https://img17.shop-pro.jp/PA01168/556/product/41976404_o2.jpg","","","","","","","","1700","1700","","","31","嵼屔娗棟偟側偄","","","2004/01/01","00:00:00","","","嶜","10","昞帵偟側偄","","16","懡偔偺弇丒妛峑偱嵦梡偝傟偰偄傞掕斣偺栤戣廤偱偡丅","<p>懡偔偺弇丒妛峑偱嵦梡偝傟偰偄傞掕斣偺栤戣廤偱偡丅</p>
<table border=""0"" width=""250"">
<tbody>

<tr>
  <td>弌斉幮</td>
  <td>嫵堢奐敪弌斉</td>
</tr>

<tr>
  <td>僒僀僘</td>
  <td>俛俆</td>
</tr>

</tbody>
</table>
<p>夝摎丒夝愢晅偒偱偡丅</p>
<br/>

<p>
仢撪梕偵傛傞堘偄<br/>
乽塸暥朄俙乿乽塸暥朄俛乿乧暥朄偺栤戣偑廂榐偝傟偰偄傑偡丅<br/>
乽塸岅侾乿乽塸岅俀乿乧暥朄偲塸暥夝庍(悢峴偺塸暥偺榓栿)偺栤戣偑廂榐偝傟偰偄傑偡丅暥朄栤戣偺妱崌偑懡偄偱偡丅<br/>
乽塸岅峔暥俙乿乧廳梫峔暥偺妋擣栤戣(暥朄栤戣)丄塸暥夝庍(悢峴偺塸暥偺榓栿)丄撉夝栤戣偑廂榐偝傟偰偄傑偡丅塸暥夝庍偲撉夝栤戣偺妱崌偑懡偄偱偡丅<br/>
乽塸岅峔暥俛乿乧塸暥夝庍(悢峴偺塸暥偺榓栿)丄撉夝偺栤戣偑廂榐偝傟偰偄傑偡丅<br/>
乽塸暥朄僼傽乕僗僩僗僥僢僾乿乧拞妛乣崅峑偺塸暥朄偺栤戣偑廂榐偝傟偰偍傝傑偡丅拞妛偺塸暥朄偺暅廗偐傜曌嫮偱偒傑偡丅<br/><br/>
</p><p>
仢擄堈搙<br/>
乽塸暥朄俙乿乽塸岅侾乿乧仛仛仚仚<br/>
乽塸暥朄俛乿乽塸岅俀乿乽塸岅峔暥A乿乧仛仛仛仚<br/>
乽塸岅峔暥俛乿乧仛仛仛仛<br/>
乽塸暥朄僼傽乕僗僩僗僥僢僾乿乧仛仚仚仚<br/>
</p>
","","","","昞帵偟側偄","1","220603","崅峑儕乕僪栤戣廤丂塸岅","嶲峫彂","栤戣廤","懡偔偺弇丒妛峑偱嵦梡偝傟偰偄傞掕斣偺栤戣廤偱偡丅","","","","怴昳","","","","","崅峑儕乕僪栤戣廤,塸岅,塸暥朄,塸暥夝庍,挿暥撉夝,","崅峑儕乕僪栤戣廤偺斕攧傪偟偰偄傑偡丅","","宖嵹偡傞","寉尭惻棪愝掕偟側偄","偟側偄","昞宍幃乮僆僾僔儑儞侾偑廲乯"
"42096308","崅峑惗","崅峑儕乕僪栤戣廤","","崅峑儕乕僪栤戣廤 悢妛","https://img17.shop-pro.jp/PA01168/556/product/42096308.jpg","嶌惉偡傞","","","","","","","","","","1750","1750","","","497","嵼屔娗棟偟側偄","","","2004/01/01","00:00:00","","","嶜","10","昞帵偡傞","","16","懡偔偺弇丒妛峑偱嵦梡偝傟偰偄傞掕斣偺栤戣廤偱偡丅","<p>懡偔偺弇丒妛峑偱嵦梡偝傟偰偄傞掕斣偺栤戣廤偱偡丅</p>
<table border=""0"" width=""250"">
<tbody>
<tr>
  <td>弌斉幮</td>
  <td>嫵堢奐敪弌斉</td>
</tr>

<tr>
  <td>擄堈搙</td>
  <td>仛仛仛仚仚</td>
</tr>



<tr>
  <td>僒僀僘</td>
  <td>俛俆</td>
</tr>

</tbody>
</table>
<p>夝摎丒夝愢晅偒偱偡丅</p>
<p>仢撪梕<br>
乽悢妛1乿<br>
悢偲幃丆廤崌偲柦戣丆俀師娭悢丆恾宍偲寁検(嶰妏斾)丆僨乕僞偺暘愅<br><br>
乽悢妛A乿<br>
応崌偺悢偲妋棪丆恾宍偺惈幙丆悢妛偲恖娫偺妶摦(惍悢)<br><br>
乽悢妛2乿<br>
幃偲徹柧丒曽掱幃丆恾宍偲曽掱幃丆嶰妏娭悢丆巜悢娭悢丒懳悢娭悢丆旝暘朄丒愊暘朄<br><br>
乽悢妛B亄C(儀僋僩儖)乿<br>
悢楍丆摑寁揑側悇應丆暯柺忋偺儀僋僩儖丆嬻娫偺儀僋僩儖<br><br>
乽悢妛C(暋慺悢暯柺丒暯柺忋偺嬋慄)乿<br>
暋慺悢暯柺丆暯柺忋偺嬋慄<br><br>
</p>

","","","","昞帵偟側偄","1","220603","崅峑儕乕僪栤戣廤丂悢妛","嶲峫彂","栤戣廤","懡偔偺弇丒妛峑偱嵦梡偝傟偰偄傞掕斣偺栤戣廤偱偡丅","","","","怴昳","","","","","崅峑儕乕僪栤戣廤,悢妛,A,B,嫵堢奐敪弌斉","崅峑儕乕僪栤戣廤偺斕攧傪偟偰偄傑偡丅","","宖嵹偡傞","寉尭惻棪愝掕偟側偄","偟側偄","昞宍幃乮僆僾僔儑儞侾偑廲乯"
"186568191","崅峑惗","崅峑儕乕僪栤戣廤","","崅峑儕乕僪栤戣廤 塸岅丂栿偁傝昳","https://img17.shop-pro.jp/PA01168/556/product/186568191.jpg","嶌惉偟側偄","https://img17.shop-pro.jp/PA01168/556/product/186568191_o1.jpg","","","","","","","","","1500","1500","","","0","嵼屔娗棟偡傞","","","2004/01/01","00:00:00","","","嶜","10","昞帵偟側偄","","16","懡偔偺弇丒妛峑偱嵦梡偝傟偰偄傞掕斣偺栤戣廤偱偡丅","<p>懡偔偺弇丒妛峑偱嵦梡偝傟偰偄傞掕斣偺栤戣廤偱偡丅
妏偺晹暘偵愜傟偑偁傞偨傔丄栿偁傝昳偲側偭偰偍傝傑偡丅</p>
<table border=""0"" width=""250"">
<tbody>

<tr>
  <td>弌斉幮</td>
  <td>嫵堢奐敪弌斉</td>
</tr>

<tr>
  <td>僒僀僘</td>
  <td>俛俆</td>
</tr>

</tbody>
</table>
<p>夝摎丒夝愢晅偒偱偡丅</p>
<br/>

<p>
仢撪梕偵傛傞堘偄<br/>
乽塸暥朄俙乿乽塸暥朄俛乿乧暥朄偺栤戣偑廂榐偝傟偰偄傑偡丅<br/>
乽塸岅侾乿乽塸岅俀乿乧暥朄偲塸暥夝庍(悢峴偺塸暥偺榓栿)偺栤戣偑廂榐偝傟偰偄傑偡丅暥朄栤戣偺妱崌偑懡偄偱偡丅<br/>
乽塸岅峔暥俙乿乧廳梫峔暥偺妋擣栤戣(暥朄栤戣)丄塸暥夝庍(悢峴偺塸暥偺榓栿)丄撉夝栤戣偑廂榐偝傟偰偄傑偡丅塸暥夝庍偲撉夝栤戣偺妱崌偑懡偄偱偡丅<br/>
乽塸岅峔暥俛乿乧塸暥夝庍(悢峴偺塸暥偺榓栿)丄撉夝偺栤戣偑廂榐偝傟偰偄傑偡丅<br/>
乽塸暥朄僼傽乕僗僩僗僥僢僾乿乧拞妛乣崅峑偺塸暥朄偺栤戣偑廂榐偝傟偰偍傝傑偡丅拞妛偺塸暥朄偺暅廗偐傜曌嫮偱偒傑偡丅<br/><br/>
</p><p>
仢擄堈搙<br/>
乽塸暥朄俙乿乽塸岅侾乿乧仛仛仚仚<br/>
乽塸暥朄俛乿乽塸岅俀乿乽塸岅峔暥A乿乧仛仛仛仚<br/>
乽塸岅峔暥俛乿乧仛仛仛仛<br/>
乽塸暥朄僼傽乕僗僩僗僥僢僾乿乧仛仚仚仚<br/>
</p>
<br>
<p>捠忢偺彜昳偼<a href=""https://iorishobo.com/?pid=41976404"">偙偪傜</a></p>
","","","","昞帵偟側偄","1","220603","崅峑儕乕僪栤戣廤丂塸岅","嶲峫彂","栤戣廤","懡偔偺弇丒妛峑偱嵦梡偝傟偰偄傞掕斣偺栤戣廤偱偡丅","","","","怴昳","","","","","崅峑儕乕僪栤戣廤,塸岅,塸暥朄,塸暥夝庍,挿暥撉夝,","崅峑儕乕僪栤戣廤偺斕攧傪偟偰偄傑偡丅","","宖嵹偡傞","寉尭惻棪愝掕偟側偄","偟側偄","昞宍幃乮僆僾僔儑儞侾偑廲乯"
"41976407","崅峑惗","崅峑僼傽乕僗僩僗僥僢僾栤戣廤","","崅峑僼傽乕僗僩僗僥僢僾栤戣廤 塸暥朄","https://img17.shop-pro.jp/PA01168/556/product/41976407.jpg","嶌惉偡傞","","","","","","","","","","1600","1600","","","0","嵼屔娗棟偡傞","","","2004/01/01","00:00:00","","","嶜","10","昞帵偡傞","","17","婎慴揑側栤戣廤偱偡丅","<p>婎慴揑側栤戣廤偱偡丅拞妛偺暅廗偐傜曌嫮偱偒傑偡丅</p>
<table border=""0"" width=""250"">
<tbody>
<tr>
  <td>弌斉幮</td>
  <td>嫵堢奐敪弌斉</td>
</tr>

<tr>
  <td>擄堈搙</td>
  <td>仛仚仚仚仚</td>
</tr>


<tr>
  <td>僒僀僘</td>
  <td>俛俆</td>
</tr>

</tbody>
</table>
<p>夝摎丒夝愢晅偒偱偡丅</p>
<br>
<p>崅峑僼傽乕僗僩僗僥僢僾栤戣廤偼斕攧廔椆偄偨偟傑偟偨丅</p>
<p>屻宲偺乽崅峑儕乕僪栤戣廤 塸暥朄僼傽乕僗僩僗僥僢僾乿偼壓婰偺儁乕僕偱斕攧偟偰偍傝傑偡丅</p>
<br>
<p><a href=""https://iorishobo.com/?pid=41976404"">崅峑儕乕僪栤戣廤 塸暥朄僼傽乕僗僩僗僥僢僾</a></p>

","","","","昞帵偟側偄","1","220603","崅峑僼傽乕僗僩僗僥僢僾栤戣廤 塸暥朄","嶲峫彂","栤戣廤","婎慴揑側栤戣廤偱偡丅","","","","怴昳","","","","","崅峑僼傽乕僗僩僗僥僢僾栤戣廤,塸暥朄,嫵堢奐敪弌斉","崅峑僼傽乕僗僩僗僥僢僾栤戣廤偺斕攧傪偟偰偄傑偡丅","","宖嵹偡傞","寉尭惻棪愝掕偟側偄","偟側偄","昞宍幃乮僆僾僔儑儞侾偑廲乯"
